Workbook

Sheet doses_results
B1: ...1 | C1: Variable | D1: Beta | E1: CI_Lower | F1: CI_Upper | G1: AIC | H1: BIC | I1: dose | J1: model | K1: effects | L1: Beta [CI}
A2: 1 | B2: (Intercept) | C2: (Intercept) | D2: 82.647134 | E2: 82.47111 | F2: 82.823158 | G2: 1205.2911 | H2: 1299.026 | I2: First | J2: Simple | K2: Fixed | L2: =TEXT(ROUND(D2,2),"0.00") & "[" & TEXT(ROUND(E2,2),"0.00") & "," & TEXT(ROUND(F2,2),"0.00") & "]" -> 82.65[82.47,82.82]
A3: 2 | B3: Pop_per_km2 | C3: Pop_per_km2 | D3: -0.049447362 | E3: -0.50673387 | F3: 0.40783915 | G3: 1205.2911 | H3: 1299.026 | I3: First | J3: Simple | K3: Fixed | L3: =TEXT(ROUND(D3,2),"0.00") & "[" & TEXT(ROUND(E3,2),"0.00") & "," & TEXT(ROUND(F3,2),"0.00") & "]" -> -0.05[-0.51,0.41] | P3: {=_xlfn.UNIQUE(C2:C322)} -> (Intercept) | R3: (Intercept)
A4: 3 | B4: prop_travelling_to_work | C4: prop_travelling_to_work | D4: -0.10442816 | E4: -1.1357717 | F4: 0.92691537 | G4: 1205.2911 | H4: 1299.026 | I4: First | J4: Simple | K4: Fixed | L4: =TEXT(ROUND(D4,2),"0.00") & "[" & TEXT(ROUND(E4,2),"0.00") & "," & TEXT(ROUND(F4,2),"0.00") & "]" -> -0.10[-1.14,0.93] | P4: Pop_per_km2 | R4: Pop_per_km2
A5: 4 | B5: prop_not_in_work | C5: prop_not_in_work | D5: -0.87895831 | E5: -2.146248 | F5: 0.38833139 | G5: 1205.2911 | H5: 1299.026 | I5: First | J5: Simple | K5: Fixed | L5: =TEXT(ROUND(D5,2),"0.00") & "[" & TEXT(ROUND(E5,2),"0.00") & "," & TEXT(ROUND(F5,2),"0.00") & "]" -> -0.88[-2.15,0.39] | P5: prop_travelling_to_work | R5: prop_travelling_to_work
A6: 5 | B6: prop_all_other_white | C6: prop_all_other_white | D6: -2.627491 | E6: -2.9737799 | F6: -2.281202 | G6: 1205.2911 | H6: 1299.026 | I6: First | J6: Simple | K6: Fixed | L6: =TEXT(ROUND(D6,2),"0.00") & "[" & TEXT(ROUND(E6,2),"0.00") & "," & TEXT(ROUND(F6,2),"0.00") & "]" -> -2.63[-2.97,-2.28] | P6: prop_not_in_work | R6: prop_not_in_work
A7: 6 | B7: prop_mixed_multiple | C7: prop_mixed_multiple | D7: -0.26134594 | E7: -0.56303848 | F7: 0.040346591 | G7: 1205.2911 | H7: 1299.026 | I7: First | J7: Simple | K7: Fixed | L7: =TEXT(ROUND(D7,2),"0.00") & "[" & TEXT(ROUND(E7,2),"0.00") & "," & TEXT(ROUND(F7,2),"0.00") & "]" -> -0.26[-0.56,0.04] | P7: prop_all_other_white | R7: prop_all_other_white
A8: 7 | B8: prop_asian | C8: prop_asian | D8: -0.46335369 | E8: -0.75342429 | F8: -0.1732831 | G8: 1205.2911 | H8: 1299.026 | I8: First | J8: Simple | K8: Fixed | L8: =TEXT(ROUND(D8,2),"0.00") & "[" & TEXT(ROUND(E8,2),"0.00") & "," & TEXT(ROUND(F8,2),"0.00") & "]" -> -0.46[-0.75,-0.17] | P8: prop_mixed_multiple | R8: prop_mixed_multiple
A9: 8 | B9: prop_black_afr_car | C9: prop_black_afr_car | D9: -0.8037181 | E9: -1.2267465 | F9: -0.38068968 | G9: 1205.2911 | H9: 1299.026 | I9: First | J9: Simple | K9: Fixed | L9: =TEXT(ROUND(D9,2),"0.00") & "[" & TEXT(ROUND(E9,2),"0.00") & "," & TEXT(ROUND(F9,2),"0.00") & "]" -> -0.80[-1.23,-0.38] | P9: prop_asian | R9: prop_asian
A10: 9 | B10: prop_other | C10: prop_other | D10: -0.01024721 | E10: -0.41320278 | F10: 0.39270836 | G10: 1205.2911 | H10: 1299.026 | I10: First | J10: Simple | K10: Fixed | L10: =TEXT(ROUND(D10,2),"0.00") & "[" & TEXT(ROUND(E10,2),"0.00") & "," & TEXT(ROUND(F10,2),"0.00") & "]" -> -0.01[-0.41,0.39] | P10: prop_black_afr_car | R10: prop_black_afr_car
A11: 10 | B11: IMD_Average_score | C11: IMD_Average_score | D11: 0.25236997 | E11: -1.1863091 | F11: 1.691049 | G11: 1205.2911 | H11: 1299.026 | I11: First | J11: Simple | K11: Fixed | L11: =TEXT(ROUND(D11,2),"0.00") & "[" & TEXT(ROUND(E11,2),"0.00") & "," & TEXT(ROUND(F11,2),"0.00") & "]" -> 0.25[-1.19,1.69] | P11: prop_other | R11: prop_other
A12: 11 | B12: prop_o65 | C12: prop_o65 | D12: 0.63029212 | E12: -0.26552558 | F12: 1.5261098 | G12: 1205.2911 | H12: 1299.026 | I12: First | J12: Simple | K12: Fixed | L12: =TEXT(ROUND(D12,2),"0.00") & "[" & TEXT(ROUND(E12,2),"0.00") & "," & TEXT(ROUND(F12,2),"0.00") & "]" -> 0.63[-0.27,1.53] | P12: IMD_Average_score | R12: IMD_Average_score
A13: 12 | B13: prop_u25 | C13: prop_u25 | D13: -1.2889942 | E13: -1.9296717 | F13: -0.64831662 | G13: 1205.2911 | H13: 1299.026 | I13: First | J13: Simple | K13: Fixed | L13: =TEXT(ROUND(D13,2),"0.00") & "[" & TEXT(ROUND(E13,2),"0.00") & "," & TEXT(ROUND(F13,2),"0.00") & "]" -> -1.29[-1.93,-0.65] | P13: prop_o65 | R13: prop_o65
A14: 13 | B14: Median_annual_income | C14: Median_annual_income | D14: -0.27808149 | E14: -0.60156863 | F14: 0.045405655 | G14: 1205.2911 | H14: 1299.026 | I14: First | J14: Simple | K14: Fixed | L14: =TEXT(ROUND(D14,2),"0.00") & "[" & TEXT(ROUND(E14,2),"0.00") & "," & TEXT(ROUND(F14,2),"0.00") & "]" -> -0.28[-0.60,0.05] | P14: prop_u25 | R14: prop_u25
A15: 14 | B15: Other_proportion | C15: Other_proportion | D15: -0.33739161 | E15: -0.61530973 | F15: -0.059473489 | G15: 1205.2911 | H15: 1299.026 | I15: First | J15: Simple | K15: Fixed | L15: =TEXT(ROUND(D15,2),"0.00") & "[" & TEXT(ROUND(E15,2),"0.00") & "," & TEXT(ROUND(F15,2),"0.00") & "]" -> -0.34[-0.62,-0.06] | P15: Median_annual_income | R15: Median_annual_income
... A35: 34 | B35: IMD_Average_score1 | C35: IMD_Average_score | D35: 0.10894829 | E35: -1.3636584 | F35: 1.581555 | G35: 1219.929 | H35: 1313.6638 | I35: Second | J35: Simple | K35: Fixed | L35: =TEXT(ROUND(D35,2),"0.00") & "[" & TEXT(ROUND(E35,2),"0.00") & "," & TEXT(ROUND(F35,2),"0.00") & "]" -> 0.11[-1.36,1.58] | P35: ASC_rapid_testing | R35: ASC_rapid_testing
A36: 35 | B36: prop_o651 | C36: prop_o65 | D36: 0.7620963 | E36: -0.15484702 | F36: 1.6790396 | G36: 1219.929 | H36: 1313.6638 | I36: Second | J36: Simple | K36: Fixed | L36: =TEXT(ROUND(D36,2),"0.00") & "[" & TEXT(ROUND(E36,2),"0.00") & "," & TEXT(ROUND(F36,2),"0.00") & "]" -> 0.76[-0.15,1.68]
A37: 36 | B37: prop_u251 | C37: prop_u25 | D37: -1.4908372 | E37: -2.1466235 | F37: -0.83505085 | G37: 1219.929 | H37: 1313.6638 | I37: Second | J37: Simple | K37: Fixed | L37: =TEXT(ROUND(D37,2),"0.00") & "[" & TEXT(ROUND(E37,2),"0.00") & "," & TEXT(ROUND(F37,2),"0.00") & "]" -> -1.49[-2.15,-0.84]
A38: 37 | B38: Median_annual_income1 | C38: Median_annual_income | D38: -0.24256383 | E38: -0.5736796 | F38: 0.088551951 | G38: 1219.929 | H38: 1313.6638 | I38: Second | J38: Simple | K38: Fixed | L38: =TEXT(ROUND(D38,2),"0.00") & "[" & TEXT(ROUND(E38,2),"0.00") & "," & TEXT(ROUND(F38,2),"0.00") & "]" -> -0.24[-0.57,0.09]
A39: 38 | B39: Other_proportion1 | C39: Other_proportion | D39: -0.36167225 | E39: -0.64614438 | F39: -0.077200129 | G39: 1219.929 | H39: 1313.6638 | I39: Second | J39: Simple | K39: Fixed | L39: =TEXT(ROUND(D39,2),"0.00") & "[" & TEXT(ROUND(E39,2),"0.00") & "," & TEXT(ROUND(F39,2),"0.00") & "]" -> -0.36[-0.65,-0.08]
A40: 39 | B40: unringfenced_percapita1 | C40: unringfenced_percapita | D40: -0.48058118 | E40: -0.79423878 | F40: -0.16692358 | G40: 1219.929 | H40: 1313.6638 | I40: Second | J40: Simple | K40: Fixed | L40: =TEXT(ROUND(D40,2),"0.00") & "[" & TEXT(ROUND(E40,2),"0.00") & "," & TEXT(ROUND(F40,2),"0.00") & "]" -> -0.48[-0.79,-0.17]
A41: 40 | B41: ASC_infection_control_fund_percapita1 | C41: ASC_infection_control_fund_percapita | D41: -0.25038258 | E41: -0.53755957 | F41: 0.036794406 | G41: 1219.929 | H41: 1313.6638 | I41: Second | J41: Simple | K41: Fixed | L41: =TEXT(ROUND(D41,2),"0.00") & "[" & TEXT(ROUND(E41,2),"0.00") & "," & TEXT(ROUND(F41,2),"0.00") & "]" -> -0.25[-0.54,0.04]
A42: 41 | B42: contain_outbreak_management_percapita1 | C42: contain_outbreak_management_percapita | D42: -0.61820338 | E42: -0.99987636 | F42: -0.23653041 | G42: 1219.929 | H42: 1313.6638 | I42: Second | J42: Simple | K42: Fixed | L42: =TEXT(ROUND(D42,2),"0.00") & "[" & TEXT(ROUND(E42,2),"0.00") & "," & TEXT(ROUND(F42,2),"0.00") & "]" -> -0.62[-1.00,-0.24]
A43: 42 | B43: Income_score1 | C43: Income_score | D43: -1.5156281 | E43: -3.2471263 | F43: 0.21587004 | G43: 1219.929 | H43: 1313.6638 | I43: Second | J43: Simple | K43: Fixed | L43: =TEXT(ROUND(D43,2),"0.00") & "[" & TEXT(ROUND(E43,2),"0.00") & "," & TEXT(ROUND(F43,2),"0.00") & "]" -> -1.52[-3.25,0.22]
A44: 43 | B44: Employment_score1 | C44: Employment_score | D44: 1.3681037 | E44: -0.32474655 | F44: 3.0609539 | G44: 1219.929 | H44: 1313.6638 | I44: Second | J44: Simple | K44: Fixed | L44: =TEXT(ROUND(D44,2),"0.00") & "[" & TEXT(ROUND(E44,2),"0.00") & "," & TEXT(ROUND(F44,2),"0.00") & "]" -> 1.37[-0.32,3.06]
A45: 44 | B45: Education_Skills_and_Training_score1 | C45: Education_Skills_and_Training_score | D45: -0.61362817 | E45: -1.1682395 | F45: -0.059016797 | G45: 1219.929 | H45: 1313.6638 | I45: Second | J45: Simple | K45: Fixed | L45: =TEXT(ROUND(D45,2),"0.00") & "[" & TEXT(ROUND(E45,2),"0.00") & "," & TEXT(ROUND(F45,2),"0.00") & "]" -> -0.61[-1.17,-0.06]
A46: 45 | B46: Health_Deprivation_and_Disability_score1 | C46: Health_Deprivation_and_Disability_score | D46: -0.43410511 | E46: -1.0612865 | F46: 0.19307632 | G46: 1219.929 | H46: 1313.6638 | I46: Second | J46: Simple | K46: Fixed | L46: =TEXT(ROUND(D46,2),"0.00") & "[" & TEXT(ROUND(E46,2),"0.00") & "," & TEXT(ROUND(F46,2),"0.00") & "]" -> -0.43[-1.06,0.19]
A47: 46 | B47: Crime_score1 | C47: Crime_score | D47: -0.32055701 | E47: -0.69417775 | F47: 0.05306373 | G47: 1219.929 | H47: 1313.6638 | I47: Second | J47: Simple | K47: Fixed | L47: =TEXT(ROUND(D47,2),"0.00") & "[" & TEXT(ROUND(E47,2),"0.00") & "," & TEXT(ROUND(F47,2),"0.00") & "]" -> -0.32[-0.69,0.05]
... A73: 72 | B73: Living_Environment_score2 | C73: Living_Environment_score | D73: -0.81006566 | E73: -1.2290328 | F73: -0.39109849 | G73: 1357.8897 | H73: 1451.6245 | I73: Third | J73: Simple | K73: Fixed | L73: =TEXT(ROUND(D73,2),"0.00") & "[" & TEXT(ROUND(E73,2),"0.00") & "," & TEXT(ROUND(F73,2),"0.00") & "]" -> -0.81[-1.23,-0.39]
A74: 73 | B74: 1 | C74: (Intercept) | D74: 82.653839 | E74: 82.268366 | F74: 83.039312 | G74: 1245.6421 | H74: 1343.1263 | I74: First | J74: Simple | K74: Random | L74: =TEXT(ROUND(D74,2),"0.00") & "[" & TEXT(ROUND(E74,2),"0.00") & "," & TEXT(ROUND(F74,2),"0.00") & "]" -> 82.65[82.27,83.04]
A75: 74 | B75: 2 | C75: Pop_per_km2 | D75: -0.10387342 | E75: -0.56469385 | F75: 0.35694702 | G75: 1245.6421 | H75: 1343.1263 | I75: First | J75: Simple | K75: Random | L75: =TEXT(ROUND(D75,2),"0.00") & "[" & TEXT(ROUND(E75,2),"0.00") & "," & TEXT(ROUND(F75,2),"0.00") & "]" -> -0.10[-0.56,0.36]
A76: 75 | B76: 3 | C76: prop_travelling_to_work | D76: 0.037361524 | E76: -1.0000186 | F76: 1.0747417 | G76: 1245.6421 | H76: 1343.1263 | I76: First | J76: Simple | K76: Random | L76: =TEXT(ROUND(D76,2),"0.00") & "[" & TEXT(ROUND(E76,2),"0.00") & "," & TEXT(ROUND(F76,2),"0.00") & "]" -> 0.04[-1.00,1.07]
A77: 76 | B77: 4 | C77: prop_not_in_work | D77: -0.74900911 | E77: -2.0364899 | F77: 0.53847168 | G77: 1245.6421 | H77: 1343.1263 | I77: First | J77: Simple | K77: Random | L77: =TEXT(ROUND(D77,2),"0.00") & "[" & TEXT(ROUND(E77,2),"0.00") & "," & TEXT(ROUND(F77,2),"0.00") & "]" -> -0.75[-2.04,0.54]
A78: 77 | B78: 5 | C78: prop_all_other_white | D78: -2.6170003 | E78: -2.9660744 | F78: -2.2679261 | G78: 1245.6421 | H78: 1343.1263 | I78: First | J78: Simple | K78: Random | L78: =TEXT(ROUND(D78,2),"0.00") & "[" & TEXT(ROUND(E78,2),"0.00") & "," & TEXT(ROUND(F78,2),"0.00") & "]" -> -2.62[-2.97,-2.27]
A79: 78 | B79: 6 | C79: prop_mixed_multiple | D79: -0.24877427 | E79: -0.54922017 | F79: 0.051671634 | G79: 1245.6421 | H79: 1343.1263 | I79: First | J79: Simple | K79: Random | L79: =TEXT(ROUND(D79,2),"0.00") & "[" & TEXT(ROUND(E79,2),"0.00") & "," & TEXT(ROUND(F79,2),"0.00") & "]" -> -0.25[-0.55,0.05]
A80: 79 | B80: 7 | C80: prop_asian | D80: -0.44847907 | E80: -0.73832536 | F80: -0.15863278 | G80: 1245.6421 | H80: 1343.1263 | I80: First | J80: Simple | K80: Random | L80: =TEXT(ROUND(D80,2),"0.00") & "[" & TEXT(ROUND(E80,2),"0.00") & "," & TEXT(ROUND(F80,2),"0.00") & "]" -> -0.45[-0.74,-0.16]
A81: 80 | B81: 8 | C81: prop_black_afr_car | D81: -0.81217667 | E81: -1.237178 | F81: -0.38717532 | G81: 1245.6421 | H81: 1343.1263 | I81: First | J81: Simple | K81: Random | L81: =TEXT(ROUND(D81,2),"0.00") & "[" & TEXT(ROUND(E81,2),"0.00") & "," & TEXT(ROUND(F81,2),"0.00") & "]" -> -0.81[-1.24,-0.39]
A82: 81 | B82: 9 | C82: prop_other | D82: -0.027070938 | E82: -0.43265473 | F82: 0.37851285 | G82: 1245.6421 | H82: 1343.1263 | I82: First | J82: Simple | K82: Random | L82: =TEXT(ROUND(D82,2),"0.00") & "[" & TEXT(ROUND(E82,2),"0.00") & "," & TEXT(ROUND(F82,2),"0.00") & "]" -> -0.03[-0.43,0.38]
A83: 82 | B83: 10 | C83: IMD_Average_score | D83: 0.25701592 | E83: -1.181804 | F83: 1.6958359 | G83: 1245.6421 | H83: 1343.1263 | I83: First | J83: Simple | K83: Random | L83: =TEXT(ROUND(D83,2),"0.00") & "[" & TEXT(ROUND(E83,2),"0.00") & "," & TEXT(ROUND(F83,2),"0.00") & "]" -> 0.26[-1.18,1.70]
A84: 83 | B84: 11 | C84: prop_o65 | D84: 0.6744933 | E84: -0.23910582 | F84: 1.5880924 | G84: 1245.6421 | H84: 1343.1263 | I84: First | J84: Simple | K84: Random | L84: =TEXT(ROUND(D84,2),"0.00") & "[" & TEXT(ROUND(E84,2),"0.00") & "," & TEXT(ROUND(F84,2),"0.00") & "]" -> 0.67[-0.24,1.59]
A85: 84 | B85: 12 | C85: prop_u25 | D85: -1.2665991 | E85: -1.9296295 | F85: -0.60356873 | G85: 1245.6421 | H85: 1343.1263 | I85: First | J85: Simple | K85: Random | L85: =TEXT(ROUND(D85,2),"0.00") & "[" & TEXT(ROUND(E85,2),"0.00") & "," & TEXT(ROUND(F85,2),"0.00") & "]" -> -1.27[-1.93,-0.60]
... A145: 144 | B145: 72 | C145: Living_Environment_score | D145: -0.67135655 | E145: -1.110463 | F145: -0.23225012 | G145: 1381.6252 | H145: 1479.1094 | I145: Third | J145: Simple | K145: Random | L145: =TEXT(ROUND(D145,2),"0.00") & "[" & TEXT(ROUND(E145,2),"0.00") & "," & TEXT(ROUND(F145,2),"0.00") & "]" -> -0.67[-1.11,-0.23]
A146: 145 | B146: (Intercept) | C146: (Intercept) | D146: 82.647134 | E146: 82.472459 | F146: 82.821809 | G146: 1193.0751 | H146: 1256.8148 | I146: First | J146: Lasso | K146: Fixed | L146: =TEXT(ROUND(D146,2),"0.00") & "[" & TEXT(ROUND(E146,2),"0.00") & "," & TEXT(ROUND(F146,2),"0.00") & "]" -> 82.65[82.47,82.82]
A147: 146 | B147: Median_age | C147: Median_age | D147: 2.719039 | E147: 1.426853 | F147: 4.0112249 | G147: 1193.0751 | H147: 1256.8148 | I147: First | J147: Lasso | K147: Fixed | L147: =TEXT(ROUND(D147,2),"0.00") & "[" & TEXT(ROUND(E147,2),"0.00") & "," & TEXT(ROUND(F147,2),"0.00") & "]" -> 2.72[1.43,4.01]
A148: 147 | B148: prop_all_other_white | C148: prop_all_other_white | D148: -2.8482529 | E148: -3.1482071 | F148: -2.5482988 | G148: 1193.0751 | H148: 1256.8148 | I148: First | J148: Lasso | K148: Fixed | L148: =TEXT(ROUND(D148,2),"0.00") & "[" & TEXT(ROUND(E148,2),"0.00") & "," & TEXT(ROUND(F148,2),"0.00") & "]" -> -2.85[-3.15,-2.55]
A149: 148 | B149: prop_black_afr_car | C149: prop_black_afr_car | D149: -1.3299191 | E149: -1.6714291 | F149: -0.98840911 | G149: 1193.0751 | H149: 1256.8148 | I149: First | J149: Lasso | K149: Fixed | L149: =TEXT(ROUND(D149,2),"0.00") & "[" & TEXT(ROUND(E149,2),"0.00") & "," & TEXT(ROUND(F149,2),"0.00") & "]" -> -1.33[-1.67,-0.99]
A150: 149 | B150: mean_popden | C150: mean_popden | D150: 10.165045 | E150: -3.7381765 | F150: 24.068266 | G150: 1193.0751 | H150: 1256.8148 | I150: First | J150: Lasso | K150: Fixed | L150: =TEXT(ROUND(D150,2),"0.00") & "[" & TEXT(ROUND(E150,2),"0.00") & "," & TEXT(ROUND(F150,2),"0.00") & "]" -> 10.17[-3.74,24.07]
A151: 150 | B151: Pop_per_km2 | C151: Pop_per_km2 | D151: -10.049806 | E151: -23.87663 | F151: 3.7770177 | G151: 1193.0751 | H151: 1256.8148 | I151: First | J151: Lasso | K151: Fixed | L151: =TEXT(ROUND(D151,2),"0.00") & "[" & TEXT(ROUND(E151,2),"0.00") & "," & TEXT(ROUND(F151,2),"0.00") & "]" -> -10.05[-23.88,3.78]
A152: 151 | B152: prop_not_in_work | C152: prop_not_in_work | D152: -0.23588342 | E152: -0.76509024 | F152: 0.29332339 | G152: 1193.0751 | H152: 1256.8148 | I152: First | J152: Lasso | K152: Fixed | L152: =TEXT(ROUND(D152,2),"0.00") & "[" & TEXT(ROUND(E152,2),"0.00") & "," & TEXT(ROUND(F152,2),"0.00") & "]" -> -0.24[-0.77,0.29]
A153: 152 | B153: prop_asian | C153: prop_asian | D153: -0.73297814 | E153: -1.0039397 | F153: -0.46201657 | G153: 1193.0751 | H153: 1256.8148 | I153: First | J153: Lasso | K153: Fixed | L153: =TEXT(ROUND(D153,2),"0.00") & "[" & TEXT(ROUND(E153,2),"0.00") & "," & TEXT(ROUND(F153,2),"0.00") & "]" -> -0.73[-1.00,-0.46]
A154: 153 | B154: prop_u25 | C154: prop_u25 | D154: -0.29685882 | E154: -1.1020207 | F154: 0.50830304 | G154: 1193.0751 | H154: 1256.8148 | I154: First | J154: Lasso | K154: Fixed | L154: =TEXT(ROUND(D154,2),"0.00") & "[" & TEXT(ROUND(E154,2),"0.00") & "," & TEXT(ROUND(F154,2),"0.00") & "]" -> -0.30[-1.10,0.51]
A155: 154 | B155: Crime_score | C155: Crime_score | D155: -0.2985697 | E155: -0.63187233 | F155: 0.034732933 | G155: 1193.0751 | H155: 1256.8148 | I155: First | J155: Lasso | K155: Fixed | L155: =TEXT(ROUND(D155,2),"0.00") & "[" & TEXT(ROUND(E155,2),"0.00") & "," & TEXT(ROUND(F155,2),"0.00") & "]" -> -0.30[-0.63,0.03]
A156: 155 | B156: Income_score | C156: Income_score | D156: -0.9313194 | E156: -2.0068116 | F156: 0.14417284 | G156: 1193.0751 | H156: 1256.8148 | I156: First | J156: Lasso | K156: Fixed | L156: =TEXT(ROUND(D156,2),"0.00") & "[" & TEXT(ROUND(E156,2),"0.00") & "," & TEXT(ROUND(F156,2),"0.00") & "]" -> -0.93[-2.01,0.14]
A157: 156 | B157: Living_Environment_score | C157: Living_Environment_score | D157: -0.45933106 | E157: -0.72151265 | F157: -0.19714948 | G157: 1193.0751 | H157: 1256.8148 | I157: First | J157: Lasso | K157: Fixed | L157: =TEXT(ROUND(D157,2),"0.00") & "[" & TEXT(ROUND(E157,2),"0.00") & "," & TEXT(ROUND(F157,2),"0.00") & "]" -> -0.46[-0.72,-0.20]
... A193: 192 | B193: contain_outbreak_management_percapita2 | C193: contain_outbreak_management_percapita | D193: -0.56519048 | E193: -0.97751751 | F193: -0.15286345 | G193: 1356.5887 | H193: 1420.3284 | I193: Third | J193: Lasso | K193: Fixed | L193: =TEXT(ROUND(D193,2),"0.00") & "[" & TEXT(ROUND(E193,2),"0.00") & "," & TEXT(ROUND(F193,2),"0.00") & "]" -> -0.57[-0.98,-0.15]
A194: 193 | B194: 1 | C194: (Intercept) | D194: 82.662665 | E194: 82.346209 | F194: 82.979122 | G194: 1214.7337 | H194: 1282.2228 | I194: First | J194: Lasso | K194: Random | L194: =TEXT(ROUND(D194,2),"0.00") & "[" & TEXT(ROUND(E194,2),"0.00") & "," & TEXT(ROUND(F194,2),"0.00") & "]" -> 82.66[82.35,82.98]
A195: 194 | B195: 2 | C195: Median_age | D195: 2.647358 | E195: 1.3392436 | F195: 3.9554724 | G195: 1214.7337 | H195: 1282.2228 | I195: First | J195: Lasso | K195: Random | L195: =TEXT(ROUND(D195,2),"0.00") & "[" & TEXT(ROUND(E195,2),"0.00") & "," & TEXT(ROUND(F195,2),"0.00") & "]" -> 2.65[1.34,3.96]
A196: 195 | B196: 3 | C196: prop_all_other_white | D196: -2.8156087 | E196: -3.1193734 | F196: -2.511844 | G196: 1214.7337 | H196: 1282.2228 | I196: First | J196: Lasso | K196: Random | L196: =TEXT(ROUND(D196,2),"0.00") & "[" & TEXT(ROUND(E196,2),"0.00") & "," & TEXT(ROUND(F196,2),"0.00") & "]" -> -2.82[-3.12,-2.51]
A197: 196 | B197: 4 | C197: prop_black_afr_car | D197: -1.2967168 | E197: -1.640645 | F197: -0.95278865 | G197: 1214.7337 | H197: 1282.2228 | I197: First | J197: Lasso | K197: Random | L197: =TEXT(ROUND(D197,2),"0.00") & "[" & TEXT(ROUND(E197,2),"0.00") & "," & TEXT(ROUND(F197,2),"0.00") & "]" -> -1.30[-1.64,-0.95]
A198: 197 | B198: 5 | C198: mean_popden | D198: 9.1244038 | E198: -4.7201747 | F198: 22.968982 | G198: 1214.7337 | H198: 1282.2228 | I198: First | J198: Lasso | K198: Random | L198: =TEXT(ROUND(D198,2),"0.00") & "[" & TEXT(ROUND(E198,2),"0.00") & "," & TEXT(ROUND(F198,2),"0.00") & "]" -> 9.12[-4.72,22.97]
A199: 198 | B199: 6 | C199: Pop_per_km2 | D199: -9.0583866 | E199: -22.820217 | F199: 4.7034442 | G199: 1214.7337 | H199: 1282.2228 | I199: First | J199: Lasso | K199: Random | L199: =TEXT(ROUND(D199,2),"0.00") & "[" & TEXT(ROUND(E199,2),"0.00") & "," & TEXT(ROUND(F199,2),"0.00") & "]" -> -9.06[-22.82,4.70]
A200: 199 | B200: 7 | C200: prop_not_in_work | D200: -0.24281541 | E200: -0.781882 | F200: 0.29625118 | G200: 1214.7337 | H200: 1282.2228 | I200: First | J200: Lasso | K200: Random | L200: =TEXT(ROUND(D200,2),"0.00") & "[" & TEXT(ROUND(E200,2),"0.00") & "," & TEXT(ROUND(F200,2),"0.00") & "]" -> -0.24[-0.78,0.30]
A201: 200 | B201: 8 | C201: prop_asian | D201: -0.71678214 | E201: -0.98671186 | F201: -0.44685241 | G201: 1214.7337 | H201: 1282.2228 | I201: First | J201: Lasso | K201: Random | L201: =TEXT(ROUND(D201,2),"0.00") & "[" & TEXT(ROUND(E201,2),"0.00") & "," & TEXT(ROUND(F201,2),"0.00") & "]" -> -0.72[-0.99,-0.45]
A202: 201 | B202: 9 | C202: prop_u25 | D202: -0.36323535 | E202: -1.1971155 | F202: 0.4706448 | G202: 1214.7337 | H202: 1282.2228 | I202: First | J202: Lasso | K202: Random | L202: =TEXT(ROUND(D202,2),"0.00") & "[" & TEXT(ROUND(E202,2),"0.00") & "," & TEXT(ROUND(F202,2),"0.00") & "]" -> -0.36[-1.20,0.47]
A203: 202 | B203: 10 | C203: Crime_score | D203: -0.29748729 | E203: -0.63774482 | F203: 0.042770247 | G203: 1214.7337 | H203: 1282.2228 | I203: First | J203: Lasso | K203: Random | L203: =TEXT(ROUND(D203,2),"0.00") & "[" & TEXT(ROUND(E203,2),"0.00") & "," & TEXT(ROUND(F203,2),"0.00") & "]" -> -0.30[-0.64,0.04]
A204: 203 | B204: 11 | C204: Income_score | D204: -0.99868436 | E204: -2.0754636 | F204: 0.07809489 | G204: 1214.7337 | H204: 1282.2228 | I204: First | J204: Lasso | K204: Random | L204: =TEXT(ROUND(D204,2),"0.00") & "[" & TEXT(ROUND(E204,2),"0.00") & "," & TEXT(ROUND(F204,2),"0.00") & "]" -> -1.00[-2.08,0.08]
A205: 204 | B205: 12 | C205: Living_Environment_score | D205: -0.47162796 | E205: -0.7444155 | F205: -0.19884042 | G205: 1214.7337 | H205: 1282.2228 | I205: First | J205: Lasso | K205: Random | L205: =TEXT(ROUND(D205,2),"0.00") & "[" & TEXT(ROUND(E205,2),"0.00") & "," & TEXT(ROUND(F205,2),"0.00") & "]" -> -0.47[-0.74,-0.20]
... A241: 240 | B241: 48 | C241: contain_outbreak_management_percapita | D241: -0.39709169 | E241: -0.85834558 | F241: 0.064162189 | G241: 1366.9721 | H241: 1434.4612 | I241: Third | J241: Lasso | K241: Random | L241: =TEXT(ROUND(D241,2),"0.00") & "[" & TEXT(ROUND(E241,2),"0.00") & "," & TEXT(ROUND(F241,2),"0.00") & "]" -> -0.40[-0.86,0.06]
A242: 241 | B242: (Intercept) | C242: (Intercept) | D242: 82.647134 | E242: 82.477261 | F242: 82.817007 | G242: 1178.3652 | H242: 1253.3531 | I242: First | J242: Stepwise | K242: Fixed | L242: =TEXT(ROUND(D242,2),"0.00") & "[" & TEXT(ROUND(E242,2),"0.00") & "," & TEXT(ROUND(F242,2),"0.00") & "]" -> 82.65[82.48,82.82]
A243: 242 | B243: Median_age | C243: Median_age | D243: 3.4031051 | E243: 2.7482522 | F243: 4.057958 | G243: 1178.3652 | H243: 1253.3531 | I243: First | J243: Stepwise | K243: Fixed | L243: =TEXT(ROUND(D243,2),"0.00") & "[" & TEXT(ROUND(E243,2),"0.00") & "," & TEXT(ROUND(F243,2),"0.00") & "]" -> 3.40[2.75,4.06]
A244: 243 | B244: prop_all_other_white | C244: prop_all_other_white | D244: -2.8183261 | E244: -3.1134422 | F244: -2.52321 | G244: 1178.3652 | H244: 1253.3531 | I244: First | J244: Stepwise | K244: Fixed | L244: =TEXT(ROUND(D244,2),"0.00") & "[" & TEXT(ROUND(E244,2),"0.00") & "," & TEXT(ROUND(F244,2),"0.00") & "]" -> -2.82[-3.11,-2.52]
A245: 244 | B245: prop_asian | C245: prop_asian | D245: -0.66246301 | E245: -0.91984647 | F245: -0.40507955 | G245: 1178.3652 | H245: 1253.3531 | I245: First | J245: Stepwise | K245: Fixed | L245: =TEXT(ROUND(D245,2),"0.00") & "[" & TEXT(ROUND(E245,2),"0.00") & "," & TEXT(ROUND(F245,2),"0.00") & "]" -> -0.66[-0.92,-0.41]
A246: 245 | B246: prop_black_afr_car | C246: prop_black_afr_car | D246: -1.3308615 | E246: -1.6761146 | F246: -0.98560847 | G246: 1178.3652 | H246: 1253.3531 | I246: First | J246: Stepwise | K246: Fixed | L246: =TEXT(ROUND(D246,2),"0.00") & "[" & TEXT(ROUND(E246,2),"0.00") & "," & TEXT(ROUND(F246,2),"0.00") & "]" -> -1.33[-1.68,-0.99]
A247: 246 | B247: prop_o65 | C247: prop_o65 | D247: -1.4976303 | E247: -2.2753348 | F247: -0.71992574 | G247: 1178.3652 | H247: 1253.3531 | I247: First | J247: Stepwise | K247: Fixed | L247: =TEXT(ROUND(D247,2),"0.00") & "[" & TEXT(ROUND(E247,2),"0.00") & "," & TEXT(ROUND(F247,2),"0.00") & "]" -> -1.50[-2.28,-0.72]
A248: 247 | B248: no_jobs | C248: no_jobs | D248: 1.34816 | E248: 0.53462697 | F248: 2.161693 | G248: 1178.3652 | H248: 1253.3531 | I248: First | J248: Stepwise | K248: Fixed | L248: =TEXT(ROUND(D248,2),"0.00") & "[" & TEXT(ROUND(E248,2),"0.00") & "," & TEXT(ROUND(F248,2),"0.00") & "]" -> 1.35[0.53,2.16]
A249: 248 | B249: contain_outbreak_management_percapita | C249: contain_outbreak_management_percapita | D249: -0.64344089 | E249: -1.0573245 | F249: -0.22955728 | G249: 1178.3652 | H249: 1253.3531 | I249: First | J249: Stepwise | K249: Fixed | L249: =TEXT(ROUND(D249,2),"0.00") & "[" & TEXT(ROUND(E249,2),"0.00") & "," & TEXT(ROUND(F249,2),"0.00") & "]" -> -0.64[-1.06,-0.23]
A250: 249 | B250: omicron_support_fund_percapita | C250: omicron_support_fund_percapita | D250: 0.21681977 | E250: -0.28713096 | F250: 0.72077049 | G250: 1178.3652 | H250: 1253.3531 | I250: First | J250: Stepwise | K250: Fixed | L250: =TEXT(ROUND(D250,2),"0.00") & "[" & TEXT(ROUND(E250,2),"0.00") & "," & TEXT(ROUND(F250,2),"0.00") & "]" -> 0.22[-0.29,0.72]
A251: 250 | B251: Income_score | C251: Income_score | D251: -1.1086106 | E251: -1.6739477 | F251: -0.54327356 | G251: 1178.3652 | H251: 1253.3531 | I251: First | J251: Stepwise | K251: Fixed | L251: =TEXT(ROUND(D251,2),"0.00") & "[" & TEXT(ROUND(E251,2),"0.00") & "," & TEXT(ROUND(F251,2),"0.00") & "]" -> -1.11[-1.67,-0.54]
A252: 251 | B252: Living_Environment_score | C252: Living_Environment_score | D252: -0.49162143 | E252: -0.71232624 | F252: -0.27091662 | G252: 1178.3652 | H252: 1253.3531 | I252: First | J252: Stepwise | K252: Fixed | L252: =TEXT(ROUND(D252,2),"0.00") & "[" & TEXT(ROUND(E252,2),"0.00") & "," & TEXT(ROUND(F252,2),"0.00") & "]" -> -0.49[-0.71,-0.27]
A253: 252 | B253: Population | C253: Population | D253: -1.2791253 | E253: -2.1317992 | F253: -0.42645127 | G253: 1178.3652 | H253: 1253.3531 | I253: First | J253: Stepwise | K253: Fixed | L253: =TEXT(ROUND(D253,2),"0.00") & "[" & TEXT(ROUND(E253,2),"0.00") & "," & TEXT(ROUND(F253,2),"0.00") & "]" -> -1.28[-2.13,-0.43]
... A298: 297 | B298: Crime_score2 | C298: Crime_score | D298: -0.8338494 | E298: -1.2681207 | F298: -0.39957809 | G298: 1322.3886 | H298: 1397.3764 | I298: Third | J298: Stepwise | K298: Fixed | L298: =TEXT(ROUND(D298,2),"0.00") & "[" & TEXT(ROUND(E298,2),"0.00") & "," & TEXT(ROUND(F298,2),"0.00") & "]" -> -0.83[-1.27,-0.40]
A299: 298 | B299: 1 | C299: (Intercept) | D299: 82.639429 | E299: 82.220403 | F299: 83.058455 | G299: 1214.9902 | H299: 1289.9781 | I299: First | J299: Stepwise | K299: Random | L299: =TEXT(ROUND(D299,2),"0.00") & "[" & TEXT(ROUND(E299,2),"0.00") & "," & TEXT(ROUND(F299,2),"0.00") & "]" -> 82.64[82.22,83.06]
A300: 299 | B300: 2 | C300: Median_age | D300: 2.4291204 | E300: 2.0909316 | F300: 2.7673091 | G300: 1214.9902 | H300: 1289.9781 | I300: First | J300: Stepwise | K300: Random | L300: =TEXT(ROUND(D300,2),"0.00") & "[" & TEXT(ROUND(E300,2),"0.00") & "," & TEXT(ROUND(F300,2),"0.00") & "]" -> 2.43[2.09,2.77]
A301: 300 | B301: 3 | C301: prop_travelling_to_work | D301: 0.54588717 | E301: 0.25206031 | F301: 0.83971403 | G301: 1214.9902 | H301: 1289.9781 | I301: First | J301: Stepwise | K301: Random | L301: =TEXT(ROUND(D301,2),"0.00") & "[" & TEXT(ROUND(E301,2),"0.00") & "," & TEXT(ROUND(F301,2),"0.00") & "]" -> 0.55[0.25,0.84]
A302: 301 | B302: 4 | C302: prop_all_other_white | D302: -2.5756119 | E302: -2.8881671 | F302: -2.2630567 | G302: 1214.9902 | H302: 1289.9781 | I302: First | J302: Stepwise | K302: Random | L302: =TEXT(ROUND(D302,2),"0.00") & "[" & TEXT(ROUND(E302,2),"0.00") & "," & TEXT(ROUND(F302,2),"0.00") & "]" -> -2.58[-2.89,-2.26]
A303: 302 | B303: 5 | C303: prop_asian | D303: -0.64510012 | E303: -0.88732411 | F303: -0.40287613 | G303: 1214.9902 | H303: 1289.9781 | I303: First | J303: Stepwise | K303: Random | L303: =TEXT(ROUND(D303,2),"0.00") & "[" & TEXT(ROUND(E303,2),"0.00") & "," & TEXT(ROUND(F303,2),"0.00") & "]" -> -0.65[-0.89,-0.40]
A304: 303 | B304: 6 | C304: prop_black_afr_car | D304: -1.1221069 | E304: -1.4373882 | F304: -0.80682563 | G304: 1214.9902 | H304: 1289.9781 | I304: First | J304: Stepwise | K304: Random | L304: =TEXT(ROUND(D304,2),"0.00") & "[" & TEXT(ROUND(E304,2),"0.00") & "," & TEXT(ROUND(F304,2),"0.00") & "]" -> -1.12[-1.44,-0.81]
A305: 304 | B305: 7 | C305: unringfenced_percapita | D305: -2.1811772 | E305: -3.7122729 | F305: -0.65008156 | G305: 1214.9902 | H305: 1289.9781 | I305: First | J305: Stepwise | K305: Random | L305: =TEXT(ROUND(D305,2),"0.00") & "[" & TEXT(ROUND(E305,2),"0.00") & "," & TEXT(ROUND(F305,2),"0.00") & "]" -> -2.18[-3.71,-0.65]
A306: 305 | B306: 8 | C306: ASC_infection_control_fund_percapita | D306: -0.34299913 | E306: -0.61324031 | F306: -0.072757949 | G306: 1214.9902 | H306: 1289.9781 | I306: First | J306: Stepwise | K306: Random | L306: =TEXT(ROUND(D306,2),"0.00") & "[" & TEXT(ROUND(E306,2),"0.00") & "," & TEXT(ROUND(F306,2),"0.00") & "]" -> -0.34[-0.61,-0.07]
A307: 306 | B307: 9 | C307: fire_contingency | D307: 0.65393825 | E307: 0.18218701 | F307: 1.1256895 | G307: 1214.9902 | H307: 1289.9781 | I307: First | J307: Stepwise | K307: Random | L307: =TEXT(ROUND(D307,2),"0.00") & "[" & TEXT(ROUND(E307,2),"0.00") & "," & TEXT(ROUND(F307,2),"0.00") & "]" -> 0.65[0.18,1.13]
A308: 307 | B308: 10 | C308: Education_Skills_and_Training_score | D308: -0.18589734 | E308: -0.67951289 | F308: 0.30771821 | G308: 1214.9902 | H308: 1289.9781 | I308: First | J308: Stepwise | K308: Random | L308: =TEXT(ROUND(D308,2),"0.00") & "[" & TEXT(ROUND(E308,2),"0.00") & "," & TEXT(ROUND(F308,2),"0.00") & "]" -> -0.19[-0.68,0.31]
A309: 308 | B309: 11 | C309: Living_Environment_score | D309: -0.38848756 | E309: -0.63026156 | F309: -0.14671356 | G309: 1214.9902 | H309: 1289.9781 | I309: First | J309: Stepwise | K309: Random | L309: =TEXT(ROUND(D309,2),"0.00") & "[" & TEXT(ROUND(E309,2),"0.00") & "," & TEXT(ROUND(F309,2),"0.00") & "]" -> -0.39[-0.63,-0.15]
A310: 309 | B310: 12 | C310: no_jobs | D310: 1.0730579 | E310: 0.23973472 | F310: 1.906381 | G310: 1214.9902 | H310: 1289.9781 | I310: First | J310: Stepwise | K310: Random | L310: =TEXT(ROUND(D310,2),"0.00") & "[" & TEXT(ROUND(E310,2),"0.00") & "," & TEXT(ROUND(F310,2),"0.00") & "]" -> 1.07[0.24,1.91]
... A352: 351 | B352: 54 | C352: Income_score | D352: -1.2528642 | E352: -2.1663419 | F352: -0.33938653 | G352: 1364.6947 | H352: 1439.6825 | I352: Third | J352: Stepwise | K352: Random | L352: =TEXT(ROUND(D352,2),"0.00") & "[" & TEXT(ROUND(E352,2),"0.00") & "," & TEXT(ROUND(F352,2),"0.00") & "]" -> -1.25[-2.17,-0.34]
L353: =TEXT(ROUND(D353,2),"0.00") & "[" & TEXT(ROUND(E353,2),"0.00") & "," & TEXT(ROUND(F353,2),"0.00") & "]" -> 0.00[0.00,0.00]
L354: =TEXT(ROUND(D354,2),"0.00") & "[" & TEXT(ROUND(E354,2),"0.00") & "," & TEXT(ROUND(F354,2),"0.00") & "]" -> 0.00[0.00,0.00]
L355: =TEXT(ROUND(D355,2),"0.00") & "[" & TEXT(ROUND(E355,2),"0.00") & "," & TEXT(ROUND(F355,2),"0.00") & "]" -> 0.00[0.00,0.00]
L356: =TEXT(ROUND(D356,2),"0.00") & "[" & TEXT(ROUND(E356,2),"0.00") & "," & TEXT(ROUND(F356,2),"0.00") & "]" -> 0.00[0.00,0.00]
L357: =TEXT(ROUND(D357,2),"0.00") & "[" & TEXT(ROUND(E357,2),"0.00") & "," & TEXT(ROUND(F357,2),"0.00") & "]" -> 0.00[0.00,0.00]
L358: =TEXT(ROUND(D358,2),"0.00") & "[" & TEXT(ROUND(E358,2),"0.00") & "," & TEXT(ROUND(F358,2),"0.00") & "]" -> 0.00[0.00,0.00]
...

Sheet first_dose_table
A1: First
C2: Simple | F2: Lasso | I2: Stepwise
A3: Variable | B3: Variable | C3: Fixed | D3: Random | F3: Fixed | G3: Random | I3: Fixed | J3: Random
A4: Pop_per_km2 | B4: Population per km2 | C4: {=_xlfn.XLOOKUP($A4&C$3&$C$2&$A$1,doses_results!$C$2:$C$400&doses_results!$K$2:$K$400&doses_results!$J$2:$J$400&doses_results!$I$2:$I$400,doses_results!$L$2:$L$400,"",0)} -> -0.05[-0.51,0.41] | D4: {=_xlfn.XLOOKUP($A4&D$3&$C$2&$A$1,doses_results!$C$2:$C$400&doses_results!$K$2:$K$400&doses_results!$J$2:$J$400&doses_results!$I$2:$I$400,doses_results!$L$2:$L$400,"",0)} -> -0.10[-0.56,0.36] | E4: {=_xlfn.XLOOKUP($A4&E$3&$C$2&$A$1,doses_results!$C$2:$C$400&doses_results!$K$2:$K$400&doses_results!$J$2:$J$400&doses_results!$I$2:$I$400,doses_results!$L$2:$L$400,"",0)} | F4: {=_xlfn.XLOOKUP($A4&F$3&$F$2&$A$1,doses_results!$C$2:$C$400&doses_results!$K$2:$K$400&doses_results!$J$2:$J$400&doses_results!$I$2:$I$400,doses_results!$L$2:$L$400,"",0)} -> -10.05[-23.88,3.78] | G4: {=_xlfn.XLOOKUP($A4&G$3&$F$2&$A$1,doses_results!$C$2:$C$400&doses_results!$K$2:$K$400&doses_results!$J$2:$J$400&doses_results!$I$2:$I$400,doses_results!$L$2:$L$400,"",0)} -> -9.06[-22.82,4.70] | H4: {=_xlfn.XLOOKUP($A4&H$3&$C$2&$A$1,doses_results!$C$2:$C$400&doses_results!$K$2:$K$400&doses_results!$J$2:$J$400&doses_results!$I$2:$I$400,doses_results!$L$2:$L$400,"",0)} | I4: {=_xlfn.XLOOKUP($A4&I$3&$I$2&$A$1,doses_results!$C$2:$C$400&doses_results!$K$2:$K$400&doses_results!$J$2:$J$400&doses_results!$I$2:$I$400,doses_results!$L$2:$L$400,"",0)} -> -7.02[-20.46,6.41] | J4: {=_xlfn.XLOOKUP($A4&J$3&$I$2&$A$1,doses_results!$C$2:$C$400&doses_results!$K$2:$K$400&doses_results!$J$2:$J$400&doses_results!$I$2:$I$400,doses_results!$L$2:$L$400,"",0)}
A5: prop_travelling_to_work | B5: Proportion Travelling To Work | C5: {=_xlfn.XLOOKUP($A5&C$3&$C$2&$A$1,doses_results!$C$2:$C$400&doses_results!$K$2:$K$400&doses_results!$J$2:$J$400&doses_results!$I$2:$I$400,doses_results!$L$2:$L$400,"",0)} -> -0.10[-1.14,0.93] | D5: {=_xlfn.XLOOKUP($A5&D$3&$C$2&$A$1,doses_results!$C$2:$C$400&doses_results!$K$2:$K$400&doses_results!$J$2:$J$400&doses_results!$I$2:$I$400,doses_results!$L$2:$L$400,"",0)} -> 0.04[-1.00,1.07] | E5: {=_xlfn.XLOOKUP($A5&E$3&$C$2&$A$1,doses_results!$C$2:$C$400&doses_results!$K$2:$K$400&doses_results!$J$2:$J$400&doses_results!$I$2:$I$400,doses_results!$L$2:$L$400,"",0)} | F5: {=_xlfn.XLOOKUP($A5&F$3&$F$2&$A$1,doses_results!$C$2:$C$400&doses_results!$K$2:$K$400&doses_results!$J$2:$J$400&doses_results!$I$2:$I$400,doses_results!$L$2:$L$400,"",0)} | G5: {=_xlfn.XLOOKUP($A5&G$3&$F$2&$A$1,doses_results!$C$2:$C$400&doses_results!$K$2:$K$400&doses_results!$J$2:$J$400&doses_results!$I$2:$I$400,doses_results!$L$2:$L$400,"",0)} | H5: {=_xlfn.XLOOKUP($A5&H$3&$C$2&$A$1,doses_results!$C$2:$C$400&doses_results!$K$2:$K$400&doses_results!$J$2:$J$400&doses_results!$I$2:$I$400,doses_results!$L$2:$L$400,"",0)} | I5: {=_xlfn.XLOOKUP($A5&I$3&$I$2&$A$1,doses_results!$C$2:$C$400&doses_results!$K$2:$K$400&doses_results!$J$2:$J$400&doses_results!$I$2:$I$400,doses_results!$L$2:$L$400,"",0)} | J5: {=_xlfn.XLOOKUP($A5&J$3&$I$2&$A$1,doses_results!$C$2:$C$400&doses_results!$K$2:$K$400&doses_results!$J$2:$J$400&doses_results!$I$2:$I$400,doses_results!$L$2:$L$400,"",0)} -> 0.55[0.25,0.84]
A6: prop_not_in_work | B6: Proportion Not In Work | C6: {=_xlfn.XLOOKUP($A6&C$3&$C$2&$A$1,doses_results!$C$2:$C$400&doses_results!$K$2:$K$400&doses_results!$J$2:$J$400&doses_results!$I$2:$I$400,doses_results!$L$2:$L$400,"",0)} -> -0.88[-2.15,0.39] | D6: {=_xlfn.XLOOKUP($A6&D$3&$C$2&$A$1,doses_results!$C$2:$C$400&doses_results!$K$2:$K$400&doses_results!$J$2:$J$400&doses_results!$I$2:$I$400,doses_results!$L$2:$L$400,"",0)} -> -0.75[-2.04,0.54] | E6: {=_xlfn.XLOOKUP($A6&E$3&$C$2&$A$1,doses_results!$C$2:$C$400&doses_results!$K$2:$K$400&doses_results!$J$2:$J$400&doses_results!$I$2:$I$400,doses_results!$L$2:$L$400,"",0)} | F6: {=_xlfn.XLOOKUP($A6&F$3&$F$2&$A$1,doses_results!$C$2:$C$400&doses_results!$K$2:$K$400&doses_results!$J$2:$J$400&doses_results!$I$2:$I$400,doses_results!$L$2:$L$400,"",0)} -> -0.24[-0.77,0.29] | G6: {=_xlfn.XLOOKUP($A6&G$3&$F$2&$A$1,doses_results!$C$2:$C$400&doses_results!$K$2:$K$400&doses_results!$J$2:$J$400&doses_results!$I$2:$I$400,doses_results!$L$2:$L$400,"",0)} -> -0.24[-0.78,0.30] | H6: {=_xlfn.XLOOKUP($A6&H$3&$C$2&$A$1,doses_results!$C$2:$C$400&doses_results!$K$2:$K$400&doses_results!$J$2:$J$400&doses_results!$I$2:$I$400,doses_results!$L$2:$L$400,"",0)} | I6: {=_xlfn.XLOOKUP($A6&I$3&$I$2&$A$1,doses_results!$C$2:$C$400&doses_results!$K$2:$K$400&doses_results!$J$2:$J$400&doses_results!$I$2:$I$400,doses_results!$L$2:$L$400,"",0)} | J6: {=_xlfn.XLOOKUP($A6&J$3&$I$2&$A$1,doses_results!$C$2:$C$400&doses_results!$K$2:$K$400&doses_results!$J$2:$J$400&doses_results!$I$2:$I$400,doses_results!$L$2:$L$400,"",0)}
A7: prop_all_other_white | B7: Proportion All Other White | C7: {=_xlfn.XLOOKUP($A7&C$3&$C$2&$A$1,doses_results!$C$2:$C$400&doses_results!$K$2:$K$400&doses_results!$J$2:$J$400&doses_results!$I$2:$I$400,doses_results!$L$2:$L$400,"",0)} -> -2.63[-2.97,-2.28] | D7: {=_xlfn.XLOOKUP($A7&D$3&$C$2&$A$1,doses_results!$C$2:$C$400&doses_results!$K$2:$K$400&doses_results!$J$2:$J$400&doses_results!$I$2:$I$400,doses_results!$L$2:$L$400,"",0)} -> -2.62[-2.97,-2.27] | E7: {=_xlfn.XLOOKUP($A7&E$3&$C$2&$A$1,doses_results!$C$2:$C$400&doses_results!$K$2:$K$400&doses_results!$J$2:$J$400&doses_results!$I$2:$I$400,doses_results!$L$2:$L$400,"",0)} | F7: {=_xlfn.XLOOKUP($A7&F$3&$F$2&$A$1,doses_results!$C$2:$C$400&doses_results!$K$2:$K$400&doses_results!$J$2:$J$400&doses_results!$I$2:$I$400,doses_results!$L$2:$L$400,"",0)} -> -2.85[-3.15,-2.55] | G7: {=_xlfn.XLOOKUP($A7&G$3&$F$2&$A$1,doses_results!$C$2:$C$400&doses_results!$K$2:$K$400&doses_results!$J$2:$J$400&doses_results!$I$2:$I$400,doses_results!$L$2:$L$400,"",0)} -> -2.82[-3.12,-2.51] | H7: {=_xlfn.XLOOKUP($A7&H$3&$C$2&$A$1,doses_results!$C$2:$C$400&doses_results!$K$2:$K$400&doses_results!$J$2:$J$400&doses_results!$I$2:$I$400,doses_results!$L$2:$L$400,"",0)} | I7: {=_xlfn.XLOOKUP($A7&I$3&$I$2&$A$1,doses_results!$C$2:$C$400&doses_results!$K$2:$K$400&doses_results!$J$2:$J$400&doses_results!$I$2:$I$400,doses_results!$L$2:$L$400,"",0)} -> -2.82[-3.11,-2.52] | J7: {=_xlfn.XLOOKUP($A7&J$3&$I$2&$A$1,doses_results!$C$2:$C$400&doses_results!$K$2:$K$400&doses_results!$J$2:$J$400&doses_results!$I$2:$I$400,doses_results!$L$2:$L$400,"",0)} -> -2.58[-2.89,-2.26]
A8: prop_mixed_multiple | B8: Proportion Mixed | C8: {=_xlfn.XLOOKUP($A8&C$3&$C$2&$A$1,doses_results!$C$2:$C$400&doses_results!$K$2:$K$400&doses_results!$J$2:$J$400&doses_results!$I$2:$I$400,doses_results!$L$2:$L$400,"",0)} -> -0.26[-0.56,0.04] | D8: {=_xlfn.XLOOKUP($A8&D$3&$C$2&$A$1,doses_results!$C$2:$C$400&doses_results!$K$2:$K$400&doses_results!$J$2:$J$400&doses_results!$I$2:$I$400,doses_results!$L$2:$L$400,"",0)} -> -0.25[-0.55,0.05] | E8: {=_xlfn.XLOOKUP($A8&E$3&$C$2&$A$1,doses_results!$C$2:$C$400&doses_results!$K$2:$K$400&doses_results!$J$2:$J$400&doses_results!$I$2:$I$400,doses_results!$L$2:$L$400,"",0)} | F8: {=_xlfn.XLOOKUP($A8&F$3&$F$2&$A$1,doses_results!$C$2:$C$400&doses_results!$K$2:$K$400&doses_results!$J$2:$J$400&doses_results!$I$2:$I$400,doses_results!$L$2:$L$400,"",0)} | G8: {=_xlfn.XLOOKUP($A8&G$3&$F$2&$A$1,doses_results!$C$2:$C$400&doses_results!$K$2:$K$400&doses_results!$J$2:$J$400&doses_results!$I$2:$I$400,doses_results!$L$2:$L$400,"",0)} | H8: {=_xlfn.XLOOKUP($A8&H$3&$C$2&$A$1,doses_results!$C$2:$C$400&doses_results!$K$2:$K$400&doses_results!$J$2:$J$400&doses_results!$I$2:$I$400,doses_results!$L$2:$L$400,"",0)} | I8: {=_xlfn.XLOOKUP($A8&I$3&$I$2&$A$1,doses_results!$C$2:$C$400&doses_results!$K$2:$K$400&doses_results!$J$2:$J$400&doses_results!$I$2:$I$400,doses_results!$L$2:$L$400,"",0)} | J8: {=_xlfn.XLOOKUP($A8&J$3&$I$2&$A$1,doses_results!$C$2:$C$400&doses_results!$K$2:$K$400&doses_results!$J$2:$J$400&doses_results!$I$2:$I$400,doses_results!$L$2:$L$400,"",0)}
A9: prop_asian | B9: Proportion Asian | C9: {=_xlfn.XLOOKUP($A9&C$3&$C$2&$A$1,doses_results!$C$2:$C$400&doses_results!$K$2:$K$400&doses_results!$J$2:$J$400&doses_results!$I$2:$I$400,doses_results!$L$2:$L$400,"",0)} -> -0.46[-0.75,-0.17] | D9: {=_xlfn.XLOOKUP($A9&D$3&$C$2&$A$1,doses_results!$C$2:$C$400&doses_results!$K$2:$K$400&doses_results!$J$2:$J$400&doses_results!$I$2:$I$400,doses_results!$L$2:$L$400,"",0)} -> -0.45[-0.74,-0.16] | E9: {=_xlfn.XLOOKUP($A9&E$3&$C$2&$A$1,doses_results!$C$2:$C$400&doses_results!$K$2:$K$400&doses_results!$J$2:$J$400&doses_results!$I$2:$I$400,doses_results!$L$2:$L$400,"",0)} | F9: {=_xlfn.XLOOKUP($A9&F$3&$F$2&$A$1,doses_results!$C$2:$C$400&doses_results!$K$2:$K$400&doses_results!$J$2:$J$400&doses_results!$I$2:$I$400,doses_results!$L$2:$L$400,"",0)} -> -0.73[-1.00,-0.46] | G9: {=_xlfn.XLOOKUP($A9&G$3&$F$2&$A$1,doses_results!$C$2:$C$400&doses_results!$K$2:$K$400&doses_results!$J$2:$J$400&doses_results!$I$2:$I$400,doses_results!$L$2:$L$400,"",0)} -> -0.72[-0.99,-0.45] | H9: {=_xlfn.XLOOKUP($A9&H$3&$C$2&$A$1,doses_results!$C$2:$C$400&doses_results!$K$2:$K$400&doses_results!$J$2:$J$400&doses_results!$I$2:$I$400,doses_results!$L$2:$L$400,"",0)} | I9: {=_xlfn.XLOOKUP($A9&I$3&$I$2&$A$1,doses_results!$C$2:$C$400&doses_results!$K$2:$K$400&doses_results!$J$2:$J$400&doses_results!$I$2:$I$400,doses_results!$L$2:$L$400,"",0)} -> -0.66[-0.92,-0.41] | J9: {=_xlfn.XLOOKUP($A9&J$3&$I$2&$A$1,doses_results!$C$2:$C$400&doses_results!$K$2:$K$400&doses_results!$J$2:$J$400&doses_results!$I$2:$I$400,doses_results!$L$2:$L$400,"",0)} -> -0.65[-0.89,-0.40]
A10: prop_black_afr_car | B10: Proportion Black / African / Caribbean | C10: {=_xlfn.XLOOKUP($A10&C$3&$C$2&$A$1,doses_results!$C$2:$C$400&doses_results!$K$2:$K$400&doses_results!$J$2:$J$400&doses_results!$I$2:$I$400,doses_results!$L$2:$L$400,"",0)} -> -0.80[-1.23,-0.38] | D10: {=_xlfn.XLOOKUP($A10&D$3&$C$2&$A$1,doses_results!$C$2:$C$400&doses_results!$K$2:$K$400&doses_results!$J$2:$J$400&doses_results!$I$2:$I$400,doses_results!$L$2:$L$400,"",0)} -> -0.81[-1.24,-0.39] | E10: {=_xlfn.XLOOKUP($A10&E$3&$C$2&$A$1,doses_results!$C$2:$C$400&doses_results!$K$2:$K$400&doses_results!$J$2:$J$400&doses_results!$I$2:$I$400,doses_results!$L$2:$L$400,"",0)} | F10: {=_xlfn.XLOOKUP($A10&F$3&$F$2&$A$1,doses_results!$C$2:$C$400&doses_results!$K$2:$K$400&doses_results!$J$2:$J$400&doses_results!$I$2:$I$400,doses_results!$L$2:$L$400,"",0)} -> -1.33[-1.67,-0.99] | G10: {=_xlfn.XLOOKUP($A10&G$3&$F$2&$A$1,doses_results!$C$2:$C$400&doses_results!$K$2:$K$400&doses_results!$J$2:$J$400&doses_results!$I$2:$I$400,doses_results!$L$2:$L$400,"",0)} -> -1.30[-1.64,-0.95] | H10: {=_xlfn.XLOOKUP($A10&H$3&$C$2&$A$1,doses_results!$C$2:$C$400&doses_results!$K$2:$K$400&doses_results!$J$2:$J$400&doses_results!$I$2:$I$400,doses_results!$L$2:$L$400,"",0)} | I10: {=_xlfn.XLOOKUP($A10&I$3&$I$2&$A$1,doses_results!$C$2:$C$400&doses_results!$K$2:$K$400&doses_results!$J$2:$J$400&doses_results!$I$2:$I$400,doses_results!$L$2:$L$400,"",0)} -> -1.33[-1.68,-0.99] | J10: {=_xlfn.XLOOKUP($A10&J$3&$I$2&$A$1,doses_results!$C$2:$C$400&doses_results!$K$2:$K$400&doses_results!$J$2:$J$400&doses_results!$I$2:$I$400,doses_results!$L$2:$L$400,"",0)} -> -1.12[-1.44,-0.81]
A11: prop_other | B11: Proportion Other Ethnicity | C11: {=_xlfn.XLOOKUP($A11&C$3&$C$2&$A$1,doses_results!$C$2:$C$400&doses_results!$K$2:$K$400&doses_results!$J$2:$J$400&doses_results!$I$2:$I$400,doses_results!$L$2:$L$400,"",0)} -> -0.01[-0.41,0.39] | D11: {=_xlfn.XLOOKUP($A11&D$3&$C$2&$A$1,doses_results!$C$2:$C$400&doses_results!$K$2:$K$400&doses_results!$J$2:$J$400&doses_results!$I$2:$I$400,doses_results!$L$2:$L$400,"",0)} -> -0.03[-0.43,0.38] | E11: {=_xlfn.XLOOKUP($A11&E$3&$C$2&$A$1,doses_results!$C$2:$C$400&doses_results!$K$2:$K$400&doses_results!$J$2:$J$400&doses_results!$I$2:$I$400,doses_results!$L$2:$L$400,"",0)} | F11: {=_xlfn.XLOOKUP($A11&F$3&$F$2&$A$1,doses_results!$C$2:$C$400&doses_results!$K$2:$K$400&doses_results!$J$2:$J$400&doses_results!$I$2:$I$400,doses_results!$L$2:$L$400,"",0)} | G11: {=_xlfn.XLOOKUP($A11&G$3&$F$2&$A$1,doses_results!$C$2:$C$400&doses_results!$K$2:$K$400&doses_results!$J$2:$J$400&doses_results!$I$2:$I$400,doses_results!$L$2:$L$400,"",0)} | H11: {=_xlfn.XLOOKUP($A11&H$3&$C$2&$A$1,doses_results!$C$2:$C$400&doses_results!$K$2:$K$400&doses_results!$J$2:$J$400&doses_results!$I$2:$I$400,doses_results!$L$2:$L$400,"",0)} | I11: {=_xlfn.XLOOKUP($A11&I$3&$I$2&$A$1,doses_results!$C$2:$C$400&doses_results!$K$2:$K$400&doses_results!$J$2:$J$400&doses_results!$I$2:$I$400,doses_results!$L$2:$L$400,"",0)} | J11: {=_xlfn.XLOOKUP($A11&J$3&$I$2&$A$1,doses_results!$C$2:$C$400&doses_results!$K$2:$K$400&doses_results!$J$2:$J$400&doses_results!$I$2:$I$400,doses_results!$L$2:$L$400,"",0)}
A12: IMD_Average_score | B12: IMD Average Score | C12: {=_xlfn.XLOOKUP($A12&C$3&$C$2&$A$1,doses_results!$C$2:$C$400&doses_results!$K$2:$K$400&doses_results!$J$2:$J$400&doses_results!$I$2:$I$400,doses_results!$L$2:$L$400,"",0)} -> 0.25[-1.19,1.69] | D12: {=_xlfn.XLOOKUP($A12&D$3&$C$2&$A$1,doses_results!$C$2:$C$400&doses_results!$K$2:$K$400&doses_results!$J$2:$J$400&doses_results!$I$2:$I$400,doses_results!$L$2:$L$400,"",0)} -> 0.26[-1.18,1.70] | E12: {=_xlfn.XLOOKUP($A12&E$3&$C$2&$A$1,doses_results!$C$2:$C$400&doses_results!$K$2:$K$400&doses_results!$J$2:$J$400&doses_results!$I$2:$I$400,doses_results!$L$2:$L$400,"",0)} | F12: {=_xlfn.XLOOKUP($A12&F$3&$F$2&$A$1,doses_results!$C$2:$C$400&doses_results!$K$2:$K$400&doses_results!$J$2:$J$400&doses_results!$I$2:$I$400,doses_results!$L$2:$L$400,"",0)} -> -0.11[-1.15,0.93] | G12: {=_xlfn.XLOOKUP($A12&G$3&$F$2&$A$1,doses_results!$C$2:$C$400&doses_results!$K$2:$K$400&doses_results!$J$2:$J$400&doses_results!$I$2:$I$400,doses_results!$L$2:$L$400,"",0)} -> -0.05[-1.09,0.99] | H12: {=_xlfn.XLOOKUP($A12&H$3&$C$2&$A$1,doses_results!$C$2:$C$400&doses_results!$K$2:$K$400&doses_results!$J$2:$J$400&doses_results!$I$2:$I$400,doses_results!$L$2:$L$400,"",0)} | I12: {=_xlfn.XLOOKUP($A12&I$3&$I$2&$A$1,doses_results!$C$2:$C$400&doses_results!$K$2:$K$400&doses_results!$J$2:$J$400&doses_results!$I$2:$I$400,doses_results!$L$2:$L$400,"",0)} | J12: {=_xlfn.XLOOKUP($A12&J$3&$I$2&$A$1,doses_results!$C$2:$C$400&doses_results!$K$2:$K$400&doses_results!$J$2:$J$400&doses_results!$I$2:$I$400,doses_results!$L$2:$L$400,"",0)}
A13: prop_o65 | B13: Proportion Over 65 | C13: {=_xlfn.XLOOKUP($A13&C$3&$C$2&$A$1,doses_results!$C$2:$C$400&doses_results!$K$2:$K$400&doses_results!$J$2:$J$400&doses_results!$I$2:$I$400,doses_results!$L$2:$L$400,"",0)} -> 0.63[-0.27,1.53] | D13: {=_xlfn.XLOOKUP($A13&D$3&$C$2&$A$1,doses_results!$C$2:$C$400&doses_results!$K$2:$K$400&doses_results!$J$2:$J$400&doses_results!$I$2:$I$400,doses_results!$L$2:$L$400,"",0)} -> 0.67[-0.24,1.59] | E13: {=_xlfn.XLOOKUP($A13&E$3&$C$2&$A$1,doses_results!$C$2:$C$400&doses_results!$K$2:$K$400&doses_results!$J$2:$J$400&doses_results!$I$2:$I$400,doses_results!$L$2:$L$400,"",0)} | F13: {=_xlfn.XLOOKUP($A13&F$3&$F$2&$A$1,doses_results!$C$2:$C$400&doses_results!$K$2:$K$400&doses_results!$J$2:$J$400&doses_results!$I$2:$I$400,doses_results!$L$2:$L$400,"",0)} -> -1.13[-2.22,-0.04] | G13: {=_xlfn.XLOOKUP($A13&G$3&$F$2&$A$1,doses_results!$C$2:$C$400&doses_results!$K$2:$K$400&doses_results!$J$2:$J$400&doses_results!$I$2:$I$400,doses_results!$L$2:$L$400,"",0)} -> -1.12[-2.22,-0.02] | H13: {=_xlfn.XLOOKUP($A13&H$3&$C$2&$A$1,doses_results!$C$2:$C$400&doses_results!$K$2:$K$400&doses_results!$J$2:$J$400&doses_results!$I$2:$I$400,doses_results!$L$2:$L$400,"",0)} | I13: {=_xlfn.XLOOKUP($A13&I$3&$I$2&$A$1,doses_results!$C$2:$C$400&doses_results!$K$2:$K$400&doses_results!$J$2:$J$400&doses_results!$I$2:$I$400,doses_results!$L$2:$L$400,"",0)} -> -1.50[-2.28,-0.72] | J13: {=_xlfn.XLOOKUP($A13&J$3&$I$2&$A$1,doses_results!$C$2:$C$400&doses_results!$K$2:$K$400&doses_results!$J$2:$J$400&doses_results!$I$2:$I$400,doses_results!$L$2:$L$400,"",0)}
A14: prop_u25 | B14: Proportion Under 25 | C14: {=_xlfn.XLOOKUP($A14&C$3&$C$2&$A$1,doses_results!$C$2:$C$400&doses_results!$K$2:$K$400&doses_results!$J$2:$J$400&doses_results!$I$2:$I$400,doses_results!$L$2:$L$400,"",0)} -> -1.29[-1.93,-0.65] | D14: {=_xlfn.XLOOKUP($A14&D$3&$C$2&$A$1,doses_results!$C$2:$C$400&doses_results!$K$2:$K$400&doses_results!$J$2:$J$400&doses_results!$I$2:$I$400,doses_results!$L$2:$L$400,"",0)} -> -1.27[-1.93,-0.60] | E14: {=_xlfn.XLOOKUP($A14&E$3&$C$2&$A$1,doses_results!$C$2:$C$400&doses_results!$K$2:$K$400&doses_results!$J$2:$J$400&doses_results!$I$2:$I$400,doses_results!$L$2:$L$400,"",0)} | F14: {=_xlfn.XLOOKUP($A14&F$3&$F$2&$A$1,doses_results!$C$2:$C$400&doses_results!$K$2:$K$400&doses_results!$J$2:$J$400&doses_results!$I$2:$I$400,doses_results!$L$2:$L$400,"",0)} -> -0.30[-1.10,0.51] | G14: {=_xlfn.XLOOKUP($A14&G$3&$F$2&$A$1,doses_results!$C$2:$C$400&doses_results!$K$2:$K$400&doses_results!$J$2:$J$400&doses_results!$I$2:$I$400,doses_results!$L$2:$L$400,"",0)} -> -0.36[-1.20,0.47] | H14: {=_xlfn.XLOOKUP($A14&H$3&$C$2&$A$1,doses_results!$C$2:$C$400&doses_results!$K$2:$K$400&doses_results!$J$2:$J$400&doses_results!$I$2:$I$400,doses_results!$L$2:$L$400,"",0)} | I14: {=_xlfn.XLOOKUP($A14&I$3&$I$2&$A$1,doses_results!$C$2:$C$400&doses_results!$K$2:$K$400&doses_results!$J$2:$J$400&doses_results!$I$2:$I$400,doses_results!$L$2:$L$400,"",0)} | J14: {=_xlfn.XLOOKUP($A14&J$3&$I$2&$A$1,doses_results!$C$2:$C$400&doses_results!$K$2:$K$400&doses_results!$J$2:$J$400&doses_results!$I$2:$I$400,doses_results!$L$2:$L$400,"",0)}
A15: Median_annual_income | B15: Median Annual Income | C15: {=_xlfn.XLOOKUP($A15&C$3&$C$2&$A$1,doses_results!$C$2:$C$400&doses_results!$K$2:$K$400&doses_results!$J$2:$J$400&doses_results!$I$2:$I$400,doses_results!$L$2:$L$400,"",0)} -> -0.28[-0.60,0.05] | D15: {=_xlfn.XLOOKUP($A15&D$3&$C$2&$A$1,doses_results!$C$2:$C$400&doses_results!$K$2:$K$400&doses_results!$J$2:$J$400&doses_results!$I$2:$I$400,doses_results!$L$2:$L$400,"",0)} -> -0.26[-0.59,0.07] | E15: {=_xlfn.XLOOKUP($A15&E$3&$C$2&$A$1,doses_results!$C$2:$C$400&doses_results!$K$2:$K$400&doses_results!$J$2:$J$400&doses_results!$I$2:$I$400,doses_results!$L$2:$L$400,"",0)} | F15: {=_xlfn.XLOOKUP($A15&F$3&$F$2&$A$1,doses_results!$C$2:$C$400&doses_results!$K$2:$K$400&doses_results!$J$2:$J$400&doses_results!$I$2:$I$400,doses_results!$L$2:$L$400,"",0)} | G15: {=_xlfn.XLOOKUP($A15&G$3&$F$2&$A$1,doses_results!$C$2:$C$400&doses_results!$K$2:$K$400&doses_results!$J$2:$J$400&doses_results!$I$2:$I$400,doses_results!$L$2:$L$400,"",0)} | H15: {=_xlfn.XLOOKUP($A15&H$3&$C$2&$A$1,doses_results!$C$2:$C$400&doses_results!$K$2:$K$400&doses_results!$J$2:$J$400&doses_results!$I$2:$I$400,doses_results!$L$2:$L$400,"",0)} | I15: {=_xlfn.XLOOKUP($A15&I$3&$I$2&$A$1,doses_results!$C$2:$C$400&doses_results!$K$2:$K$400&doses_results!$J$2:$J$400&doses_results!$I$2:$I$400,doses_results!$L$2:$L$400,"",0)} | J15: {=_xlfn.XLOOKUP($A15&J$3&$I$2&$A$1,doses_results!$C$2:$C$400&doses_results!$K$2:$K$400&doses_results!$J$2:$J$400&doses_results!$I$2:$I$400,doses_results!$L$2:$L$400,"",0)}
... A35: ASC_rapid_testing | B35: ASC Rapid Testing | C35: {=_xlfn.XLOOKUP($A35&C$3&$C$2&$A$1,doses_results!$C$2:$C$400&doses_results!$K$2:$K$400&doses_results!$J$2:$J$400&doses_results!$I$2:$I$400,doses_results!$L$2:$L$400,"",0)} | D35: {=_xlfn.XLOOKUP($A35&D$3&$C$2&$A$1,doses_results!$C$2:$C$400&doses_results!$K$2:$K$400&doses_results!$J$2:$J$400&doses_results!$I$2:$I$400,doses_results!$L$2:$L$400,"",0)} | E35: {=_xlfn.XLOOKUP($A35&E$3&$C$2&$A$1,doses_results!$C$2:$C$400&doses_results!$K$2:$K$400&doses_results!$J$2:$J$400&doses_results!$I$2:$I$400,doses_results!$L$2:$L$400,"",0)} | F35: {=_xlfn.XLOOKUP($A35&F$3&$F$2&$A$1,doses_results!$C$2:$C$400&doses_results!$K$2:$K$400&doses_results!$J$2:$J$400&doses_results!$I$2:$I$400,doses_results!$L$2:$L$400,"",0)} | G35: {=_xlfn.XLOOKUP($A35&G$3&$F$2&$A$1,doses_results!$C$2:$C$400&doses_results!$K$2:$K$400&doses_results!$J$2:$J$400&doses_results!$I$2:$I$400,doses_results!$L$2:$L$400,"",0)} | H35: {=_xlfn.XLOOKUP($A35&H$3&$C$2&$A$1,doses_results!$C$2:$C$400&doses_results!$K$2:$K$400&doses_results!$J$2:$J$400&doses_results!$I$2:$I$400,doses_results!$L$2:$L$400,"",0)} | I35: {=_xlfn.XLOOKUP($A35&I$3&$I$2&$A$1,doses_results!$C$2:$C$400&doses_results!$K$2:$K$400&doses_results!$J$2:$J$400&doses_results!$I$2:$I$400,doses_results!$L$2:$L$400,"",0)} | J35: {=_xlfn.XLOOKUP($A35&J$3&$I$2&$A$1,doses_results!$C$2:$C$400&doses_results!$K$2:$K$400&doses_results!$J$2:$J$400&doses_results!$I$2:$I$400,doses_results!$L$2:$L$400,"",0)} -> 0.78[-0.39,1.95]

Sheet second_dose_table
A1: Second
C2: Simple | F2: Lasso | I2: Stepwise
A3: Variable | B3: Variable | C3: Fixed | D3: Random | F3: Fixed | G3: Random | I3: Fixed | J3: Random
A4: Pop_per_km2 | B4: Population per km2 | C4: {=_xlfn.XLOOKUP($A4&C$3&$C$2&$A$1,doses_results!$C$2:$C$400&doses_results!$K$2:$K$400&doses_results!$J$2:$J$400&doses_results!$I$2:$I$400,doses_results!$L$2:$L$400,"",0)} -> -0.17[-0.64,0.30] | D4: {=_xlfn.XLOOKUP($A4&D$3&$C$2&$A$1,doses_results!$C$2:$C$400&doses_results!$K$2:$K$400&doses_results!$J$2:$J$400&doses_results!$I$2:$I$400,doses_results!$L$2:$L$400,"",0)} -> -0.22[-0.69,0.25] | E4: {=_xlfn.XLOOKUP($A4&E$3&$C$2&$A$1,doses_results!$C$2:$C$400&doses_results!$K$2:$K$400&doses_results!$J$2:$J$400&doses_results!$I$2:$I$400,doses_results!$L$2:$L$400,"",0)} | F4: {=_xlfn.XLOOKUP($A4&F$3&$F$2&$A$1,doses_results!$C$2:$C$400&doses_results!$K$2:$K$400&doses_results!$J$2:$J$400&doses_results!$I$2:$I$400,doses_results!$L$2:$L$400,"",0)} -> -15.56[-29.58,-1.54] | G4: {=_xlfn.XLOOKUP($A4&G$3&$F$2&$A$1,doses_results!$C$2:$C$400&doses_results!$K$2:$K$400&doses_results!$J$2:$J$400&doses_results!$I$2:$I$400,doses_results!$L$2:$L$400,"",0)} -> -14.94[-28.93,-0.94] | H4: {=_xlfn.XLOOKUP($A4&H$3&$C$2&$A$1,doses_results!$C$2:$C$400&doses_results!$K$2:$K$400&doses_results!$J$2:$J$400&doses_results!$I$2:$I$400,doses_results!$L$2:$L$400,"",0)} | I4: {=_xlfn.XLOOKUP($A4&I$3&$I$2&$A$1,doses_results!$C$2:$C$400&doses_results!$K$2:$K$400&doses_results!$J$2:$J$400&doses_results!$I$2:$I$400,doses_results!$L$2:$L$400,"",0)} -> -12.65[-26.21,0.92] | J4: {=_xlfn.XLOOKUP($A4&J$3&$I$2&$A$1,doses_results!$C$2:$C$400&doses_results!$K$2:$K$400&doses_results!$J$2:$J$400&doses_results!$I$2:$I$400,doses_results!$L$2:$L$400,"",0)}
A5: prop_travelling_to_work | B5: Proportion Travelling To Work | C5: {=_xlfn.XLOOKUP($A5&C$3&$C$2&$A$1,doses_results!$C$2:$C$400&doses_results!$K$2:$K$400&doses_results!$J$2:$J$400&doses_results!$I$2:$I$400,doses_results!$L$2:$L$400,"",0)} -> -0.01[-1.07,1.04] | D5: {=_xlfn.XLOOKUP($A5&D$3&$C$2&$A$1,doses_results!$C$2:$C$400&doses_results!$K$2:$K$400&doses_results!$J$2:$J$400&doses_results!$I$2:$I$400,doses_results!$L$2:$L$400,"",0)} -> 0.10[-0.96,1.16] | E5: {=_xlfn.XLOOKUP($A5&E$3&$C$2&$A$1,doses_results!$C$2:$C$400&doses_results!$K$2:$K$400&doses_results!$J$2:$J$400&doses_results!$I$2:$I$400,doses_results!$L$2:$L$400,"",0)} | F5: {=_xlfn.XLOOKUP($A5&F$3&$F$2&$A$1,doses_results!$C$2:$C$400&doses_results!$K$2:$K$400&doses_results!$J$2:$J$400&doses_results!$I$2:$I$400,doses_results!$L$2:$L$400,"",0)} | G5: {=_xlfn.XLOOKUP($A5&G$3&$F$2&$A$1,doses_results!$C$2:$C$400&doses_results!$K$2:$K$400&doses_results!$J$2:$J$400&doses_results!$I$2:$I$400,doses_results!$L$2:$L$400,"",0)} | H5: {=_xlfn.XLOOKUP($A5&H$3&$C$2&$A$1,doses_results!$C$2:$C$400&doses_results!$K$2:$K$400&doses_results!$J$2:$J$400&doses_results!$I$2:$I$400,doses_results!$L$2:$L$400,"",0)} | I5: {=_xlfn.XLOOKUP($A5&I$3&$I$2&$A$1,doses_results!$C$2:$C$400&doses_results!$K$2:$K$400&doses_results!$J$2:$J$400&doses_results!$I$2:$I$400,doses_results!$L$2:$L$400,"",0)} | J5: {=_xlfn.XLOOKUP($A5&J$3&$I$2&$A$1,doses_results!$C$2:$C$400&doses_results!$K$2:$K$400&doses_results!$J$2:$J$400&doses_results!$I$2:$I$400,doses_results!$L$2:$L$400,"",0)} -> 0.60[0.31,0.90]
A6: prop_not_in_work | B6: Proportion Not In Work | C6: {=_xlfn.XLOOKUP($A6&C$3&$C$2&$A$1,doses_results!$C$2:$C$400&doses_results!$K$2:$K$400&doses_results!$J$2:$J$400&doses_results!$I$2:$I$400,doses_results!$L$2:$L$400,"",0)} -> -0.84[-2.14,0.46] | D6: {=_xlfn.XLOOKUP($A6&D$3&$C$2&$A$1,doses_results!$C$2:$C$400&doses_results!$K$2:$K$400&doses_results!$J$2:$J$400&doses_results!$I$2:$I$400,doses_results!$L$2:$L$400,"",0)} -> -0.75[-2.06,0.57] | E6: {=_xlfn.XLOOKUP($A6&E$3&$C$2&$A$1,doses_results!$C$2:$C$400&doses_results!$K$2:$K$400&doses_results!$J$2:$J$400&doses_results!$I$2:$I$400,doses_results!$L$2:$L$400,"",0)} | F6: {=_xlfn.XLOOKUP($A6&F$3&$F$2&$A$1,doses_results!$C$2:$C$400&doses_results!$K$2:$K$400&doses_results!$J$2:$J$400&doses_results!$I$2:$I$400,doses_results!$L$2:$L$400,"",0)} -> -0.25[-0.78,0.29] | G6: {=_xlfn.XLOOKUP($A6&G$3&$F$2&$A$1,doses_results!$C$2:$C$400&doses_results!$K$2:$K$400&doses_results!$J$2:$J$400&doses_results!$I$2:$I$400,doses_results!$L$2:$L$400,"",0)} -> -0.26[-0.80,0.28] | H6: {=_xlfn.XLOOKUP($A6&H$3&$C$2&$A$1,doses_results!$C$2:$C$400&doses_results!$K$2:$K$400&doses_results!$J$2:$J$400&doses_results!$I$2:$I$400,doses_results!$L$2:$L$400,"",0)} | I6: {=_xlfn.XLOOKUP($A6&I$3&$I$2&$A$1,doses_results!$C$2:$C$400&doses_results!$K$2:$K$400&doses_results!$J$2:$J$400&doses_results!$I$2:$I$400,doses_results!$L$2:$L$400,"",0)} | J6: {=_xlfn.XLOOKUP($A6&J$3&$I$2&$A$1,doses_results!$C$2:$C$400&doses_results!$K$2:$K$400&doses_results!$J$2:$J$400&doses_results!$I$2:$I$400,doses_results!$L$2:$L$400,"",0)}
A7: prop_all_other_white | B7: Proportion All Other White | C7: {=_xlfn.XLOOKUP($A7&C$3&$C$2&$A$1,doses_results!$C$2:$C$400&doses_results!$K$2:$K$400&doses_results!$J$2:$J$400&doses_results!$I$2:$I$400,doses_results!$L$2:$L$400,"",0)} -> -2.65[-3.00,-2.29] | D7: {=_xlfn.XLOOKUP($A7&D$3&$C$2&$A$1,doses_results!$C$2:$C$400&doses_results!$K$2:$K$400&doses_results!$J$2:$J$400&doses_results!$I$2:$I$400,doses_results!$L$2:$L$400,"",0)} -> -2.65[-3.01,-2.29] | E7: {=_xlfn.XLOOKUP($A7&E$3&$C$2&$A$1,doses_results!$C$2:$C$400&doses_results!$K$2:$K$400&doses_results!$J$2:$J$400&doses_results!$I$2:$I$400,doses_results!$L$2:$L$400,"",0)} | F7: {=_xlfn.XLOOKUP($A7&F$3&$F$2&$A$1,doses_results!$C$2:$C$400&doses_results!$K$2:$K$400&doses_results!$J$2:$J$400&doses_results!$I$2:$I$400,doses_results!$L$2:$L$400,"",0)} -> -2.89[-3.20,-2.59] | G7: {=_xlfn.XLOOKUP($A7&G$3&$F$2&$A$1,doses_results!$C$2:$C$400&doses_results!$K$2:$K$400&doses_results!$J$2:$J$400&doses_results!$I$2:$I$400,doses_results!$L$2:$L$400,"",0)} -> -2.87[-3.18,-2.57] | H7: {=_xlfn.XLOOKUP($A7&H$3&$C$2&$A$1,doses_results!$C$2:$C$400&doses_results!$K$2:$K$400&doses_results!$J$2:$J$400&doses_results!$I$2:$I$400,doses_results!$L$2:$L$400,"",0)} | I7: {=_xlfn.XLOOKUP($A7&I$3&$I$2&$A$1,doses_results!$C$2:$C$400&doses_results!$K$2:$K$400&doses_results!$J$2:$J$400&doses_results!$I$2:$I$400,doses_results!$L$2:$L$400,"",0)} -> -2.85[-3.15,-2.55] | J7: {=_xlfn.XLOOKUP($A7&J$3&$I$2&$A$1,doses_results!$C$2:$C$400&doses_results!$K$2:$K$400&doses_results!$J$2:$J$400&doses_results!$I$2:$I$400,doses_results!$L$2:$L$400,"",0)} -> -2.57[-2.89,-2.26]
A8: prop_mixed_multiple | B8: Proportion Mixed | C8: {=_xlfn.XLOOKUP($A8&C$3&$C$2&$A$1,doses_results!$C$2:$C$400&doses_results!$K$2:$K$400&doses_results!$J$2:$J$400&doses_results!$I$2:$I$400,doses_results!$L$2:$L$400,"",0)} -> -0.26[-0.57,0.05] | D8: {=_xlfn.XLOOKUP($A8&D$3&$C$2&$A$1,doses_results!$C$2:$C$400&doses_results!$K$2:$K$400&doses_results!$J$2:$J$400&doses_results!$I$2:$I$400,doses_results!$L$2:$L$400,"",0)} -> -0.25[-0.56,0.06] | E8: {=_xlfn.XLOOKUP($A8&E$3&$C$2&$A$1,doses_results!$C$2:$C$400&doses_results!$K$2:$K$400&doses_results!$J$2:$J$400&doses_results!$I$2:$I$400,doses_results!$L$2:$L$400,"",0)} | F8: {=_xlfn.XLOOKUP($A8&F$3&$F$2&$A$1,doses_results!$C$2:$C$400&doses_results!$K$2:$K$400&doses_results!$J$2:$J$400&doses_results!$I$2:$I$400,doses_results!$L$2:$L$400,"",0)} | G8: {=_xlfn.XLOOKUP($A8&G$3&$F$2&$A$1,doses_results!$C$2:$C$400&doses_results!$K$2:$K$400&doses_results!$J$2:$J$400&doses_results!$I$2:$I$400,doses_results!$L$2:$L$400,"",0)} | H8: {=_xlfn.XLOOKUP($A8&H$3&$C$2&$A$1,doses_results!$C$2:$C$400&doses_results!$K$2:$K$400&doses_results!$J$2:$J$400&doses_results!$I$2:$I$400,doses_results!$L$2:$L$400,"",0)} | I8: {=_xlfn.XLOOKUP($A8&I$3&$I$2&$A$1,doses_results!$C$2:$C$400&doses_results!$K$2:$K$400&doses_results!$J$2:$J$400&doses_results!$I$2:$I$400,doses_results!$L$2:$L$400,"",0)} | J8: {=_xlfn.XLOOKUP($A8&J$3&$I$2&$A$1,doses_results!$C$2:$C$400&doses_results!$K$2:$K$400&doses_results!$J$2:$J$400&doses_results!$I$2:$I$400,doses_results!$L$2:$L$400,"",0)}
A9: prop_asian | B9: Proportion Asian | C9: {=_xlfn.XLOOKUP($A9&C$3&$C$2&$A$1,doses_results!$C$2:$C$400&doses_results!$K$2:$K$400&doses_results!$J$2:$J$400&doses_results!$I$2:$I$400,doses_results!$L$2:$L$400,"",0)} -> -0.56[-0.86,-0.26] | D9: {=_xlfn.XLOOKUP($A9&D$3&$C$2&$A$1,doses_results!$C$2:$C$400&doses_results!$K$2:$K$400&doses_results!$J$2:$J$400&doses_results!$I$2:$I$400,doses_results!$L$2:$L$400,"",0)} -> -0.55[-0.84,-0.25] | E9: {=_xlfn.XLOOKUP($A9&E$3&$C$2&$A$1,doses_results!$C$2:$C$400&doses_results!$K$2:$K$400&doses_results!$J$2:$J$400&doses_results!$I$2:$I$400,doses_results!$L$2:$L$400,"",0)} | F9: {=_xlfn.XLOOKUP($A9&F$3&$F$2&$A$1,doses_results!$C$2:$C$400&doses_results!$K$2:$K$400&doses_results!$J$2:$J$400&doses_results!$I$2:$I$400,doses_results!$L$2:$L$400,"",0)} -> -0.84[-1.11,-0.56] | G9: {=_xlfn.XLOOKUP($A9&G$3&$F$2&$A$1,doses_results!$C$2:$C$400&doses_results!$K$2:$K$400&doses_results!$J$2:$J$400&doses_results!$I$2:$I$400,doses_results!$L$2:$L$400,"",0)} -> -0.83[-1.10,-0.55] | H9: {=_xlfn.XLOOKUP($A9&H$3&$C$2&$A$1,doses_results!$C$2:$C$400&doses_results!$K$2:$K$400&doses_results!$J$2:$J$400&doses_results!$I$2:$I$400,doses_results!$L$2:$L$400,"",0)} | I9: {=_xlfn.XLOOKUP($A9&I$3&$I$2&$A$1,doses_results!$C$2:$C$400&doses_results!$K$2:$K$400&doses_results!$J$2:$J$400&doses_results!$I$2:$I$400,doses_results!$L$2:$L$400,"",0)} -> -0.79[-1.05,-0.53] | J9: {=_xlfn.XLOOKUP($A9&J$3&$I$2&$A$1,doses_results!$C$2:$C$400&doses_results!$K$2:$K$400&doses_results!$J$2:$J$400&doses_results!$I$2:$I$400,doses_results!$L$2:$L$400,"",0)} -> -0.76[-1.00,-0.51]
A10: prop_black_afr_car | B10: Proportion Black / African / Caribbean | C10: {=_xlfn.XLOOKUP($A10&C$3&$C$2&$A$1,doses_results!$C$2:$C$400&doses_results!$K$2:$K$400&doses_results!$J$2:$J$400&doses_results!$I$2:$I$400,doses_results!$L$2:$L$400,"",0)} -> -0.73[-1.16,-0.29] | D10: {=_xlfn.XLOOKUP($A10&D$3&$C$2&$A$1,doses_results!$C$2:$C$400&doses_results!$K$2:$K$400&doses_results!$J$2:$J$400&doses_results!$I$2:$I$400,doses_results!$L$2:$L$400,"",0)} -> -0.74[-1.17,-0.30] | E10: {=_xlfn.XLOOKUP($A10&E$3&$C$2&$A$1,doses_results!$C$2:$C$400&doses_results!$K$2:$K$400&doses_results!$J$2:$J$400&doses_results!$I$2:$I$400,doses_results!$L$2:$L$400,"",0)} | F10: {=_xlfn.XLOOKUP($A10&F$3&$F$2&$A$1,doses_results!$C$2:$C$400&doses_results!$K$2:$K$400&doses_results!$J$2:$J$400&doses_results!$I$2:$I$400,doses_results!$L$2:$L$400,"",0)} -> -1.31[-1.66,-0.96] | G10: {=_xlfn.XLOOKUP($A10&G$3&$F$2&$A$1,doses_results!$C$2:$C$400&doses_results!$K$2:$K$400&doses_results!$J$2:$J$400&doses_results!$I$2:$I$400,doses_results!$L$2:$L$400,"",0)} -> -1.29[-1.64,-0.94] | H10: {=_xlfn.XLOOKUP($A10&H$3&$C$2&$A$1,doses_results!$C$2:$C$400&doses_results!$K$2:$K$400&doses_results!$J$2:$J$400&doses_results!$I$2:$I$400,doses_results!$L$2:$L$400,"",0)} | I10: {=_xlfn.XLOOKUP($A10&I$3&$I$2&$A$1,doses_results!$C$2:$C$400&doses_results!$K$2:$K$400&doses_results!$J$2:$J$400&doses_results!$I$2:$I$400,doses_results!$L$2:$L$400,"",0)} -> -1.34[-1.69,-1.00] | J10: {=_xlfn.XLOOKUP($A10&J$3&$I$2&$A$1,doses_results!$C$2:$C$400&doses_results!$K$2:$K$400&doses_results!$J$2:$J$400&doses_results!$I$2:$I$400,doses_results!$L$2:$L$400,"",0)} -> -1.07[-1.39,-0.75]
A11: prop_other | B11: Proportion Other Ethnicity | C11: {=_xlfn.XLOOKUP($A11&C$3&$C$2&$A$1,doses_results!$C$2:$C$400&doses_results!$K$2:$K$400&doses_results!$J$2:$J$400&doses_results!$I$2:$I$400,doses_results!$L$2:$L$400,"",0)} -> -0.02[-0.43,0.39] | D11: {=_xlfn.XLOOKUP($A11&D$3&$C$2&$A$1,doses_results!$C$2:$C$400&doses_results!$K$2:$K$400&doses_results!$J$2:$J$400&doses_results!$I$2:$I$400,doses_results!$L$2:$L$400,"",0)} -> -0.03[-0.45,0.38] | E11: {=_xlfn.XLOOKUP($A11&E$3&$C$2&$A$1,doses_results!$C$2:$C$400&doses_results!$K$2:$K$400&doses_results!$J$2:$J$400&doses_results!$I$2:$I$400,doses_results!$L$2:$L$400,"",0)} | F11: {=_xlfn.XLOOKUP($A11&F$3&$F$2&$A$1,doses_results!$C$2:$C$400&doses_results!$K$2:$K$400&doses_results!$J$2:$J$400&doses_results!$I$2:$I$400,doses_results!$L$2:$L$400,"",0)} | G11: {=_xlfn.XLOOKUP($A11&G$3&$F$2&$A$1,doses_results!$C$2:$C$400&doses_results!$K$2:$K$400&doses_results!$J$2:$J$400&doses_results!$I$2:$I$400,doses_results!$L$2:$L$400,"",0)} | H11: {=_xlfn.XLOOKUP($A11&H$3&$C$2&$A$1,doses_results!$C$2:$C$400&doses_results!$K$2:$K$400&doses_results!$J$2:$J$400&doses_results!$I$2:$I$400,doses_results!$L$2:$L$400,"",0)} | I11: {=_xlfn.XLOOKUP($A11&I$3&$I$2&$A$1,doses_results!$C$2:$C$400&doses_results!$K$2:$K$400&doses_results!$J$2:$J$400&doses_results!$I$2:$I$400,doses_results!$L$2:$L$400,"",0)} | J11: {=_xlfn.XLOOKUP($A11&J$3&$I$2&$A$1,doses_results!$C$2:$C$400&doses_results!$K$2:$K$400&doses_results!$J$2:$J$400&doses_results!$I$2:$I$400,doses_results!$L$2:$L$400,"",0)}
A12: IMD_Average_score | B12: IMD Average Score | C12: {=_xlfn.XLOOKUP($A12&C$3&$C$2&$A$1,doses_results!$C$2:$C$400&doses_results!$K$2:$K$400&doses_results!$J$2:$J$400&doses_results!$I$2:$I$400,doses_results!$L$2:$L$400,"",0)} -> 0.11[-1.36,1.58] | D12: {=_xlfn.XLOOKUP($A12&D$3&$C$2&$A$1,doses_results!$C$2:$C$400&doses_results!$K$2:$K$400&doses_results!$J$2:$J$400&doses_results!$I$2:$I$400,doses_results!$L$2:$L$400,"",0)} -> 0.12[-1.35,1.60] | E12: {=_xlfn.XLOOKUP($A12&E$3&$C$2&$A$1,doses_results!$C$2:$C$400&doses_results!$K$2:$K$400&doses_results!$J$2:$J$400&doses_results!$I$2:$I$400,doses_results!$L$2:$L$400,"",0)} | F12: {=_xlfn.XLOOKUP($A12&F$3&$F$2&$A$1,doses_results!$C$2:$C$400&doses_results!$K$2:$K$400&doses_results!$J$2:$J$400&doses_results!$I$2:$I$400,doses_results!$L$2:$L$400,"",0)} -> -0.29[-1.35,0.77] | G12: {=_xlfn.XLOOKUP($A12&G$3&$F$2&$A$1,doses_results!$C$2:$C$400&doses_results!$K$2:$K$400&doses_results!$J$2:$J$400&doses_results!$I$2:$I$400,doses_results!$L$2:$L$400,"",0)} -> -0.26[-1.32,0.80] | H12: {=_xlfn.XLOOKUP($A12&H$3&$C$2&$A$1,doses_results!$C$2:$C$400&doses_results!$K$2:$K$400&doses_results!$J$2:$J$400&doses_results!$I$2:$I$400,doses_results!$L$2:$L$400,"",0)} | I12: {=_xlfn.XLOOKUP($A12&I$3&$I$2&$A$1,doses_results!$C$2:$C$400&doses_results!$K$2:$K$400&doses_results!$J$2:$J$400&doses_results!$I$2:$I$400,doses_results!$L$2:$L$400,"",0)} | J12: {=_xlfn.XLOOKUP($A12&J$3&$I$2&$A$1,doses_results!$C$2:$C$400&doses_results!$K$2:$K$400&doses_results!$J$2:$J$400&doses_results!$I$2:$I$400,doses_results!$L$2:$L$400,"",0)}
A13: prop_o65 | B13: Proportion Over 65 | C13: {=_xlfn.XLOOKUP($A13&C$3&$C$2&$A$1,doses_results!$C$2:$C$400&doses_results!$K$2:$K$400&doses_results!$J$2:$J$400&doses_results!$I$2:$I$400,doses_results!$L$2:$L$400,"",0)} -> 0.76[-0.15,1.68] | D13: {=_xlfn.XLOOKUP($A13&D$3&$C$2&$A$1,doses_results!$C$2:$C$400&doses_results!$K$2:$K$400&doses_results!$J$2:$J$400&doses_results!$I$2:$I$400,doses_results!$L$2:$L$400,"",0)} -> 0.81[-0.12,1.75] | E13: {=_xlfn.XLOOKUP($A13&E$3&$C$2&$A$1,doses_results!$C$2:$C$400&doses_results!$K$2:$K$400&doses_results!$J$2:$J$400&doses_results!$I$2:$I$400,doses_results!$L$2:$L$400,"",0)} | F13: {=_xlfn.XLOOKUP($A13&F$3&$F$2&$A$1,doses_results!$C$2:$C$400&doses_results!$K$2:$K$400&doses_results!$J$2:$J$400&doses_results!$I$2:$I$400,doses_results!$L$2:$L$400,"",0)} -> -1.20[-2.30,-0.10] | G13: {=_xlfn.XLOOKUP($A13&G$3&$F$2&$A$1,doses_results!$C$2:$C$400&doses_results!$K$2:$K$400&doses_results!$J$2:$J$400&doses_results!$I$2:$I$400,doses_results!$L$2:$L$400,"",0)} -> -1.17[-2.29,-0.06] | H13: {=_xlfn.XLOOKUP($A13&H$3&$C$2&$A$1,doses_results!$C$2:$C$400&doses_results!$K$2:$K$400&doses_results!$J$2:$J$400&doses_results!$I$2:$I$400,doses_results!$L$2:$L$400,"",0)} | I13: {=_xlfn.XLOOKUP($A13&I$3&$I$2&$A$1,doses_results!$C$2:$C$400&doses_results!$K$2:$K$400&doses_results!$J$2:$J$400&doses_results!$I$2:$I$400,doses_results!$L$2:$L$400,"",0)} -> -1.58[-2.37,-0.80] | J13: {=_xlfn.XLOOKUP($A13&J$3&$I$2&$A$1,doses_results!$C$2:$C$400&doses_results!$K$2:$K$400&doses_results!$J$2:$J$400&doses_results!$I$2:$I$400,doses_results!$L$2:$L$400,"",0)}
A14: prop_u25 | B14: Proportion Under 25 | C14: {=_xlfn.XLOOKUP($A14&C$3&$C$2&$A$1,doses_results!$C$2:$C$400&doses_results!$K$2:$K$400&doses_results!$J$2:$J$400&doses_results!$I$2:$I$400,doses_results!$L$2:$L$400,"",0)} -> -1.49[-2.15,-0.84] | D14: {=_xlfn.XLOOKUP($A14&D$3&$C$2&$A$1,doses_results!$C$2:$C$400&doses_results!$K$2:$K$400&doses_results!$J$2:$J$400&doses_results!$I$2:$I$400,doses_results!$L$2:$L$400,"",0)} -> -1.46[-2.14,-0.79] | E14: {=_xlfn.XLOOKUP($A14&E$3&$C$2&$A$1,doses_results!$C$2:$C$400&doses_results!$K$2:$K$400&doses_results!$J$2:$J$400&doses_results!$I$2:$I$400,doses_results!$L$2:$L$400,"",0)} | F14: {=_xlfn.XLOOKUP($A14&F$3&$F$2&$A$1,doses_results!$C$2:$C$400&doses_results!$K$2:$K$400&doses_results!$J$2:$J$400&doses_results!$I$2:$I$400,doses_results!$L$2:$L$400,"",0)} -> -0.42[-1.23,0.40] | G14: {=_xlfn.XLOOKUP($A14&G$3&$F$2&$A$1,doses_results!$C$2:$C$400&doses_results!$K$2:$K$400&doses_results!$J$2:$J$400&doses_results!$I$2:$I$400,doses_results!$L$2:$L$400,"",0)} -> -0.46[-1.30,0.38] | H14: {=_xlfn.XLOOKUP($A14&H$3&$C$2&$A$1,doses_results!$C$2:$C$400&doses_results!$K$2:$K$400&doses_results!$J$2:$J$400&doses_results!$I$2:$I$400,doses_results!$L$2:$L$400,"",0)} | I14: {=_xlfn.XLOOKUP($A14&I$3&$I$2&$A$1,doses_results!$C$2:$C$400&doses_results!$K$2:$K$400&doses_results!$J$2:$J$400&doses_results!$I$2:$I$400,doses_results!$L$2:$L$400,"",0)} | J14: {=_xlfn.XLOOKUP($A14&J$3&$I$2&$A$1,doses_results!$C$2:$C$400&doses_results!$K$2:$K$400&doses_results!$J$2:$J$400&doses_results!$I$2:$I$400,doses_results!$L$2:$L$400,"",0)}
A15: Median_annual_income | B15: Median Annual Income | C15: {=_xlfn.XLOOKUP($A15&C$3&$C$2&$A$1,doses_results!$C$2:$C$400&doses_results!$K$2:$K$400&doses_results!$J$2:$J$400&doses_results!$I$2:$I$400,doses_results!$L$2:$L$400,"",0)} -> -0.24[-0.57,0.09] | D15: {=_xlfn.XLOOKUP($A15&D$3&$C$2&$A$1,doses_results!$C$2:$C$400&doses_results!$K$2:$K$400&doses_results!$J$2:$J$400&doses_results!$I$2:$I$400,doses_results!$L$2:$L$400,"",0)} -> -0.23[-0.56,0.11] | E15: {=_xlfn.XLOOKUP($A15&E$3&$C$2&$A$1,doses_results!$C$2:$C$400&doses_results!$K$2:$K$400&doses_results!$J$2:$J$400&doses_results!$I$2:$I$400,doses_results!$L$2:$L$400,"",0)} | F15: {=_xlfn.XLOOKUP($A15&F$3&$F$2&$A$1,doses_results!$C$2:$C$400&doses_results!$K$2:$K$400&doses_results!$J$2:$J$400&doses_results!$I$2:$I$400,doses_results!$L$2:$L$400,"",0)} | G15: {=_xlfn.XLOOKUP($A15&G$3&$F$2&$A$1,doses_results!$C$2:$C$400&doses_results!$K$2:$K$400&doses_results!$J$2:$J$400&doses_results!$I$2:$I$400,doses_results!$L$2:$L$400,"",0)} | H15: {=_xlfn.XLOOKUP($A15&H$3&$C$2&$A$1,doses_results!$C$2:$C$400&doses_results!$K$2:$K$400&doses_results!$J$2:$J$400&doses_results!$I$2:$I$400,doses_results!$L$2:$L$400,"",0)} | I15: {=_xlfn.XLOOKUP($A15&I$3&$I$2&$A$1,doses_results!$C$2:$C$400&doses_results!$K$2:$K$400&doses_results!$J$2:$J$400&doses_results!$I$2:$I$400,doses_results!$L$2:$L$400,"",0)} | J15: {=_xlfn.XLOOKUP($A15&J$3&$I$2&$A$1,doses_results!$C$2:$C$400&doses_results!$K$2:$K$400&doses_results!$J$2:$J$400&doses_results!$I$2:$I$400,doses_results!$L$2:$L$400,"",0)}
... A35: ASC_rapid_testing | B35: ASC Rapid Testing | C35: {=_xlfn.XLOOKUP($A35&C$3&$C$2&$A$1,doses_results!$C$2:$C$400&doses_results!$K$2:$K$400&doses_results!$J$2:$J$400&doses_results!$I$2:$I$400,doses_results!$L$2:$L$400,"",0)} | D35: {=_xlfn.XLOOKUP($A35&D$3&$C$2&$A$1,doses_results!$C$2:$C$400&doses_results!$K$2:$K$400&doses_results!$J$2:$J$400&doses_results!$I$2:$I$400,doses_results!$L$2:$L$400,"",0)} | E35: {=_xlfn.XLOOKUP($A35&E$3&$C$2&$A$1,doses_results!$C$2:$C$400&doses_results!$K$2:$K$400&doses_results!$J$2:$J$400&doses_results!$I$2:$I$400,doses_results!$L$2:$L$400,"",0)} | F35: {=_xlfn.XLOOKUP($A35&F$3&$F$2&$A$1,doses_results!$C$2:$C$400&doses_results!$K$2:$K$400&doses_results!$J$2:$J$400&doses_results!$I$2:$I$400,doses_results!$L$2:$L$400,"",0)} | G35: {=_xlfn.XLOOKUP($A35&G$3&$F$2&$A$1,doses_results!$C$2:$C$400&doses_results!$K$2:$K$400&doses_results!$J$2:$J$400&doses_results!$I$2:$I$400,doses_results!$L$2:$L$400,"",0)} | H35: {=_xlfn.XLOOKUP($A35&H$3&$C$2&$A$1,doses_results!$C$2:$C$400&doses_results!$K$2:$K$400&doses_results!$J$2:$J$400&doses_results!$I$2:$I$400,doses_results!$L$2:$L$400,"",0)} | I35: {=_xlfn.XLOOKUP($A35&I$3&$I$2&$A$1,doses_results!$C$2:$C$400&doses_results!$K$2:$K$400&doses_results!$J$2:$J$400&doses_results!$I$2:$I$400,doses_results!$L$2:$L$400,"",0)} | J35: {=_xlfn.XLOOKUP($A35&J$3&$I$2&$A$1,doses_results!$C$2:$C$400&doses_results!$K$2:$K$400&doses_results!$J$2:$J$400&doses_results!$I$2:$I$400,doses_results!$L$2:$L$400,"",0)} -> 1.20[0.02,2.38]

Sheet third_dose_table
A1: Third
C2: Simple | F2: Lasso | I2: Stepwise
A3: Variable | B3: Variable | C3: Fixed | D3: Random | F3: Fixed | G3: Random | I3: Fixed | J3: Random
A4: Pop_per_km2 | B4: Population per km2 | C4: {=_xlfn.XLOOKUP($A4&C$3&$C$2&$A$1,doses_results!$C$2:$C$400&doses_results!$K$2:$K$400&doses_results!$J$2:$J$400&doses_results!$I$2:$I$400,doses_results!$L$2:$L$400,"",0)} -> 0.61[0.02,1.19] | D4: {=_xlfn.XLOOKUP($A4&D$3&$C$2&$A$1,doses_results!$C$2:$C$400&doses_results!$K$2:$K$400&doses_results!$J$2:$J$400&doses_results!$I$2:$I$400,doses_results!$L$2:$L$400,"",0)} -> 0.45[-0.13,1.04] | E4: {=_xlfn.XLOOKUP($A4&E$3&$C$2&$A$1,doses_results!$C$2:$C$400&doses_results!$K$2:$K$400&doses_results!$J$2:$J$400&doses_results!$I$2:$I$400,doses_results!$L$2:$L$400,"",0)} | F4: {=_xlfn.XLOOKUP($A4&F$3&$F$2&$A$1,doses_results!$C$2:$C$400&doses_results!$K$2:$K$400&doses_results!$J$2:$J$400&doses_results!$I$2:$I$400,doses_results!$L$2:$L$400,"",0)} -> -21.13[-39.07,-3.19] | G4: {=_xlfn.XLOOKUP($A4&G$3&$F$2&$A$1,doses_results!$C$2:$C$400&doses_results!$K$2:$K$400&doses_results!$J$2:$J$400&doses_results!$I$2:$I$400,doses_results!$L$2:$L$400,"",0)} -> -18.83[-36.55,-1.10] | H4: {=_xlfn.XLOOKUP($A4&H$3&$C$2&$A$1,doses_results!$C$2:$C$400&doses_results!$K$2:$K$400&doses_results!$J$2:$J$400&doses_results!$I$2:$I$400,doses_results!$L$2:$L$400,"",0)} | I4: {=_xlfn.XLOOKUP($A4&I$3&$I$2&$A$1,doses_results!$C$2:$C$400&doses_results!$K$2:$K$400&doses_results!$J$2:$J$400&doses_results!$I$2:$I$400,doses_results!$L$2:$L$400,"",0)} -> -16.76[-33.66,0.13] | J4: {=_xlfn.XLOOKUP($A4&J$3&$I$2&$A$1,doses_results!$C$2:$C$400&doses_results!$K$2:$K$400&doses_results!$J$2:$J$400&doses_results!$I$2:$I$400,doses_results!$L$2:$L$400,"",0)}
A5: prop_travelling_to_work | B5: Proportion Travelling To Work | C5: {=_xlfn.XLOOKUP($A5&C$3&$C$2&$A$1,doses_results!$C$2:$C$400&doses_results!$K$2:$K$400&doses_results!$J$2:$J$400&doses_results!$I$2:$I$400,doses_results!$L$2:$L$400,"",0)} -> -1.07[-2.38,0.25] | D5: {=_xlfn.XLOOKUP($A5&D$3&$C$2&$A$1,doses_results!$C$2:$C$400&doses_results!$K$2:$K$400&doses_results!$J$2:$J$400&doses_results!$I$2:$I$400,doses_results!$L$2:$L$400,"",0)} -> -0.80[-2.11,0.52] | E5: {=_xlfn.XLOOKUP($A5&E$3&$C$2&$A$1,doses_results!$C$2:$C$400&doses_results!$K$2:$K$400&doses_results!$J$2:$J$400&doses_results!$I$2:$I$400,doses_results!$L$2:$L$400,"",0)} | F5: {=_xlfn.XLOOKUP($A5&F$3&$F$2&$A$1,doses_results!$C$2:$C$400&doses_results!$K$2:$K$400&doses_results!$J$2:$J$400&doses_results!$I$2:$I$400,doses_results!$L$2:$L$400,"",0)} | G5: {=_xlfn.XLOOKUP($A5&G$3&$F$2&$A$1,doses_results!$C$2:$C$400&doses_results!$K$2:$K$400&doses_results!$J$2:$J$400&doses_results!$I$2:$I$400,doses_results!$L$2:$L$400,"",0)} | H5: {=_xlfn.XLOOKUP($A5&H$3&$C$2&$A$1,doses_results!$C$2:$C$400&doses_results!$K$2:$K$400&doses_results!$J$2:$J$400&doses_results!$I$2:$I$400,doses_results!$L$2:$L$400,"",0)} | I5: {=_xlfn.XLOOKUP($A5&I$3&$I$2&$A$1,doses_results!$C$2:$C$400&doses_results!$K$2:$K$400&doses_results!$J$2:$J$400&doses_results!$I$2:$I$400,doses_results!$L$2:$L$400,"",0)} | J5: {=_xlfn.XLOOKUP($A5&J$3&$I$2&$A$1,doses_results!$C$2:$C$400&doses_results!$K$2:$K$400&doses_results!$J$2:$J$400&doses_results!$I$2:$I$400,doses_results!$L$2:$L$400,"",0)} -> -0.04[-0.41,0.34]
A6: prop_not_in_work | B6: Proportion Not In Work | C6: {=_xlfn.XLOOKUP($A6&C$3&$C$2&$A$1,doses_results!$C$2:$C$400&doses_results!$K$2:$K$400&doses_results!$J$2:$J$400&doses_results!$I$2:$I$400,doses_results!$L$2:$L$400,"",0)} -> -1.67[-3.29,-0.05] | D6: {=_xlfn.XLOOKUP($A6&D$3&$C$2&$A$1,doses_results!$C$2:$C$400&doses_results!$K$2:$K$400&doses_results!$J$2:$J$400&doses_results!$I$2:$I$400,doses_results!$L$2:$L$400,"",0)} -> -1.59[-3.24,0.05] | E6: {=_xlfn.XLOOKUP($A6&E$3&$C$2&$A$1,doses_results!$C$2:$C$400&doses_results!$K$2:$K$400&doses_results!$J$2:$J$400&doses_results!$I$2:$I$400,doses_results!$L$2:$L$400,"",0)} | F6: {=_xlfn.XLOOKUP($A6&F$3&$F$2&$A$1,doses_results!$C$2:$C$400&doses_results!$K$2:$K$400&doses_results!$J$2:$J$400&doses_results!$I$2:$I$400,doses_results!$L$2:$L$400,"",0)} -> 0.04[-0.64,0.73] | G6: {=_xlfn.XLOOKUP($A6&G$3&$F$2&$A$1,doses_results!$C$2:$C$400&doses_results!$K$2:$K$400&doses_results!$J$2:$J$400&doses_results!$I$2:$I$400,doses_results!$L$2:$L$400,"",0)} -> -0.03[-0.73,0.68] | H6: {=_xlfn.XLOOKUP($A6&H$3&$C$2&$A$1,doses_results!$C$2:$C$400&doses_results!$K$2:$K$400&doses_results!$J$2:$J$400&doses_results!$I$2:$I$400,doses_results!$L$2:$L$400,"",0)} | I6: {=_xlfn.XLOOKUP($A6&I$3&$I$2&$A$1,doses_results!$C$2:$C$400&doses_results!$K$2:$K$400&doses_results!$J$2:$J$400&doses_results!$I$2:$I$400,doses_results!$L$2:$L$400,"",0)} | J6: {=_xlfn.XLOOKUP($A6&J$3&$I$2&$A$1,doses_results!$C$2:$C$400&doses_results!$K$2:$K$400&doses_results!$J$2:$J$400&doses_results!$I$2:$I$400,doses_results!$L$2:$L$400,"",0)}
A7: prop_all_other_white | B7: Proportion All Other White | C7: {=_xlfn.XLOOKUP($A7&C$3&$C$2&$A$1,doses_results!$C$2:$C$400&doses_results!$K$2:$K$400&doses_results!$J$2:$J$400&doses_results!$I$2:$I$400,doses_results!$L$2:$L$400,"",0)} -> -2.43[-2.88,-1.99] | D7: {=_xlfn.XLOOKUP($A7&D$3&$C$2&$A$1,doses_results!$C$2:$C$400&doses_results!$K$2:$K$400&doses_results!$J$2:$J$400&doses_results!$I$2:$I$400,doses_results!$L$2:$L$400,"",0)} -> -2.45[-2.89,-2.01] | E7: {=_xlfn.XLOOKUP($A7&E$3&$C$2&$A$1,doses_results!$C$2:$C$400&doses_results!$K$2:$K$400&doses_results!$J$2:$J$400&doses_results!$I$2:$I$400,doses_results!$L$2:$L$400,"",0)} | F7: {=_xlfn.XLOOKUP($A7&F$3&$F$2&$A$1,doses_results!$C$2:$C$400&doses_results!$K$2:$K$400&doses_results!$J$2:$J$400&doses_results!$I$2:$I$400,doses_results!$L$2:$L$400,"",0)} -> -2.73[-3.11,-2.34] | G7: {=_xlfn.XLOOKUP($A7&G$3&$F$2&$A$1,doses_results!$C$2:$C$400&doses_results!$K$2:$K$400&doses_results!$J$2:$J$400&doses_results!$I$2:$I$400,doses_results!$L$2:$L$400,"",0)} -> -2.69[-3.08,-2.29] | H7: {=_xlfn.XLOOKUP($A7&H$3&$C$2&$A$1,doses_results!$C$2:$C$400&doses_results!$K$2:$K$400&doses_results!$J$2:$J$400&doses_results!$I$2:$I$400,doses_results!$L$2:$L$400,"",0)} | I7: {=_xlfn.XLOOKUP($A7&I$3&$I$2&$A$1,doses_results!$C$2:$C$400&doses_results!$K$2:$K$400&doses_results!$J$2:$J$400&doses_results!$I$2:$I$400,doses_results!$L$2:$L$400,"",0)} -> -2.61[-2.98,-2.24] | J7: {=_xlfn.XLOOKUP($A7&J$3&$I$2&$A$1,doses_results!$C$2:$C$400&doses_results!$K$2:$K$400&doses_results!$J$2:$J$400&doses_results!$I$2:$I$400,doses_results!$L$2:$L$400,"",0)} -> -2.38[-2.78,-1.97]
A8: prop_mixed_multiple | B8: Proportion Mixed | C8: {=_xlfn.XLOOKUP($A8&C$3&$C$2&$A$1,doses_results!$C$2:$C$400&doses_results!$K$2:$K$400&doses_results!$J$2:$J$400&doses_results!$I$2:$I$400,doses_results!$L$2:$L$400,"",0)} -> -0.23[-0.61,0.16] | D8: {=_xlfn.XLOOKUP($A8&D$3&$C$2&$A$1,doses_results!$C$2:$C$400&doses_results!$K$2:$K$400&doses_results!$J$2:$J$400&doses_results!$I$2:$I$400,doses_results!$L$2:$L$400,"",0)} -> -0.22[-0.60,0.16] | E8: {=_xlfn.XLOOKUP($A8&E$3&$C$2&$A$1,doses_results!$C$2:$C$400&doses_results!$K$2:$K$400&doses_results!$J$2:$J$400&doses_results!$I$2:$I$400,doses_results!$L$2:$L$400,"",0)} | F8: {=_xlfn.XLOOKUP($A8&F$3&$F$2&$A$1,doses_results!$C$2:$C$400&doses_results!$K$2:$K$400&doses_results!$J$2:$J$400&doses_results!$I$2:$I$400,doses_results!$L$2:$L$400,"",0)} | G8: {=_xlfn.XLOOKUP($A8&G$3&$F$2&$A$1,doses_results!$C$2:$C$400&doses_results!$K$2:$K$400&doses_results!$J$2:$J$400&doses_results!$I$2:$I$400,doses_results!$L$2:$L$400,"",0)} | H8: {=_xlfn.XLOOKUP($A8&H$3&$C$2&$A$1,doses_results!$C$2:$C$400&doses_results!$K$2:$K$400&doses_results!$J$2:$J$400&doses_results!$I$2:$I$400,doses_results!$L$2:$L$400,"",0)} | I8: {=_xlfn.XLOOKUP($A8&I$3&$I$2&$A$1,doses_results!$C$2:$C$400&doses_results!$K$2:$K$400&doses_results!$J$2:$J$400&doses_results!$I$2:$I$400,doses_results!$L$2:$L$400,"",0)} | J8: {=_xlfn.XLOOKUP($A8&J$3&$I$2&$A$1,doses_results!$C$2:$C$400&doses_results!$K$2:$K$400&doses_results!$J$2:$J$400&doses_results!$I$2:$I$400,doses_results!$L$2:$L$400,"",0)}
A9: prop_asian | B9: Proportion Asian | C9: {=_xlfn.XLOOKUP($A9&C$3&$C$2&$A$1,doses_results!$C$2:$C$400&doses_results!$K$2:$K$400&doses_results!$J$2:$J$400&doses_results!$I$2:$I$400,doses_results!$L$2:$L$400,"",0)} -> -1.71[-2.08,-1.34] | D9: {=_xlfn.XLOOKUP($A9&D$3&$C$2&$A$1,doses_results!$C$2:$C$400&doses_results!$K$2:$K$400&doses_results!$J$2:$J$400&doses_results!$I$2:$I$400,doses_results!$L$2:$L$400,"",0)} -> -1.65[-2.02,-1.29] | E9: {=_xlfn.XLOOKUP($A9&E$3&$C$2&$A$1,doses_results!$C$2:$C$400&doses_results!$K$2:$K$400&doses_results!$J$2:$J$400&doses_results!$I$2:$I$400,doses_results!$L$2:$L$400,"",0)} | F9: {=_xlfn.XLOOKUP($A9&F$3&$F$2&$A$1,doses_results!$C$2:$C$400&doses_results!$K$2:$K$400&doses_results!$J$2:$J$400&doses_results!$I$2:$I$400,doses_results!$L$2:$L$400,"",0)} -> -1.94[-2.30,-1.59] | G9: {=_xlfn.XLOOKUP($A9&G$3&$F$2&$A$1,doses_results!$C$2:$C$400&doses_results!$K$2:$K$400&doses_results!$J$2:$J$400&doses_results!$I$2:$I$400,doses_results!$L$2:$L$400,"",0)} -> -1.90[-2.25,-1.55] | H9: {=_xlfn.XLOOKUP($A9&H$3&$C$2&$A$1,doses_results!$C$2:$C$400&doses_results!$K$2:$K$400&doses_results!$J$2:$J$400&doses_results!$I$2:$I$400,doses_results!$L$2:$L$400,"",0)} | I9: {=_xlfn.XLOOKUP($A9&I$3&$I$2&$A$1,doses_results!$C$2:$C$400&doses_results!$K$2:$K$400&doses_results!$J$2:$J$400&doses_results!$I$2:$I$400,doses_results!$L$2:$L$400,"",0)} -> -1.78[-2.11,-1.46] | J9: {=_xlfn.XLOOKUP($A9&J$3&$I$2&$A$1,doses_results!$C$2:$C$400&doses_results!$K$2:$K$400&doses_results!$J$2:$J$400&doses_results!$I$2:$I$400,doses_results!$L$2:$L$400,"",0)} -> -1.90[-2.21,-1.59]
A10: prop_black_afr_car | B10: Proportion Black / African / Caribbean | C10: {=_xlfn.XLOOKUP($A10&C$3&$C$2&$A$1,doses_results!$C$2:$C$400&doses_results!$K$2:$K$400&doses_results!$J$2:$J$400&doses_results!$I$2:$I$400,doses_results!$L$2:$L$400,"",0)} -> -1.18[-1.72,-0.65] | D10: {=_xlfn.XLOOKUP($A10&D$3&$C$2&$A$1,doses_results!$C$2:$C$400&doses_results!$K$2:$K$400&doses_results!$J$2:$J$400&doses_results!$I$2:$I$400,doses_results!$L$2:$L$400,"",0)} -> -1.18[-1.72,-0.64] | E10: {=_xlfn.XLOOKUP($A10&E$3&$C$2&$A$1,doses_results!$C$2:$C$400&doses_results!$K$2:$K$400&doses_results!$J$2:$J$400&doses_results!$I$2:$I$400,doses_results!$L$2:$L$400,"",0)} | F10: {=_xlfn.XLOOKUP($A10&F$3&$F$2&$A$1,doses_results!$C$2:$C$400&doses_results!$K$2:$K$400&doses_results!$J$2:$J$400&doses_results!$I$2:$I$400,doses_results!$L$2:$L$400,"",0)} -> -1.66[-2.10,-1.21] | G10: {=_xlfn.XLOOKUP($A10&G$3&$F$2&$A$1,doses_results!$C$2:$C$400&doses_results!$K$2:$K$400&doses_results!$J$2:$J$400&doses_results!$I$2:$I$400,doses_results!$L$2:$L$400,"",0)} -> -1.59[-2.04,-1.15] | H10: {=_xlfn.XLOOKUP($A10&H$3&$C$2&$A$1,doses_results!$C$2:$C$400&doses_results!$K$2:$K$400&doses_results!$J$2:$J$400&doses_results!$I$2:$I$400,doses_results!$L$2:$L$400,"",0)} | I10: {=_xlfn.XLOOKUP($A10&I$3&$I$2&$A$1,doses_results!$C$2:$C$400&doses_results!$K$2:$K$400&doses_results!$J$2:$J$400&doses_results!$I$2:$I$400,doses_results!$L$2:$L$400,"",0)} -> -1.68[-2.12,-1.25] | J10: {=_xlfn.XLOOKUP($A10&J$3&$I$2&$A$1,doses_results!$C$2:$C$400&doses_results!$K$2:$K$400&doses_results!$J$2:$J$400&doses_results!$I$2:$I$400,doses_results!$L$2:$L$400,"",0)} -> -1.49[-1.90,-1.08]
A11: prop_other | B11: Proportion Other Ethnicity | C11: {=_xlfn.XLOOKUP($A11&C$3&$C$2&$A$1,doses_results!$C$2:$C$400&doses_results!$K$2:$K$400&doses_results!$J$2:$J$400&doses_results!$I$2:$I$400,doses_results!$L$2:$L$400,"",0)} -> -0.09[-0.61,0.42] | D11: {=_xlfn.XLOOKUP($A11&D$3&$C$2&$A$1,doses_results!$C$2:$C$400&doses_results!$K$2:$K$400&doses_results!$J$2:$J$400&doses_results!$I$2:$I$400,doses_results!$L$2:$L$400,"",0)} -> -0.09[-0.61,0.42] | E11: {=_xlfn.XLOOKUP($A11&E$3&$C$2&$A$1,doses_results!$C$2:$C$400&doses_results!$K$2:$K$400&doses_results!$J$2:$J$400&doses_results!$I$2:$I$400,doses_results!$L$2:$L$400,"",0)} | F11: {=_xlfn.XLOOKUP($A11&F$3&$F$2&$A$1,doses_results!$C$2:$C$400&doses_results!$K$2:$K$400&doses_results!$J$2:$J$400&doses_results!$I$2:$I$400,doses_results!$L$2:$L$400,"",0)} | G11: {=_xlfn.XLOOKUP($A11&G$3&$F$2&$A$1,doses_results!$C$2:$C$400&doses_results!$K$2:$K$400&doses_results!$J$2:$J$400&doses_results!$I$2:$I$400,doses_results!$L$2:$L$400,"",0)} | H11: {=_xlfn.XLOOKUP($A11&H$3&$C$2&$A$1,doses_results!$C$2:$C$400&doses_results!$K$2:$K$400&doses_results!$J$2:$J$400&doses_results!$I$2:$I$400,doses_results!$L$2:$L$400,"",0)} | I11: {=_xlfn.XLOOKUP($A11&I$3&$I$2&$A$1,doses_results!$C$2:$C$400&doses_results!$K$2:$K$400&doses_results!$J$2:$J$400&doses_results!$I$2:$I$400,doses_results!$L$2:$L$400,"",0)} | J11: {=_xlfn.XLOOKUP($A11&J$3&$I$2&$A$1,doses_results!$C$2:$C$400&doses_results!$K$2:$K$400&doses_results!$J$2:$J$400&doses_results!$I$2:$I$400,doses_results!$L$2:$L$400,"",0)}
A12: IMD_Average_score | B12: IMD Average Score | C12: {=_xlfn.XLOOKUP($A12&C$3&$C$2&$A$1,doses_results!$C$2:$C$400&doses_results!$K$2:$K$400&doses_results!$J$2:$J$400&doses_results!$I$2:$I$400,doses_results!$L$2:$L$400,"",0)} -> 0.27[-1.57,2.10] | D12: {=_xlfn.XLOOKUP($A12&D$3&$C$2&$A$1,doses_results!$C$2:$C$400&doses_results!$K$2:$K$400&doses_results!$J$2:$J$400&doses_results!$I$2:$I$400,doses_results!$L$2:$L$400,"",0)} -> 0.33[-1.48,2.15] | E12: {=_xlfn.XLOOKUP($A12&E$3&$C$2&$A$1,doses_results!$C$2:$C$400&doses_results!$K$2:$K$400&doses_results!$J$2:$J$400&doses_results!$I$2:$I$400,doses_results!$L$2:$L$400,"",0)} | F12: {=_xlfn.XLOOKUP($A12&F$3&$F$2&$A$1,doses_results!$C$2:$C$400&doses_results!$K$2:$K$400&doses_results!$J$2:$J$400&doses_results!$I$2:$I$400,doses_results!$L$2:$L$400,"",0)} -> -0.70[-2.05,0.65] | G12: {=_xlfn.XLOOKUP($A12&G$3&$F$2&$A$1,doses_results!$C$2:$C$400&doses_results!$K$2:$K$400&doses_results!$J$2:$J$400&doses_results!$I$2:$I$400,doses_results!$L$2:$L$400,"",0)} -> -0.58[-1.93,0.77] | H12: {=_xlfn.XLOOKUP($A12&H$3&$C$2&$A$1,doses_results!$C$2:$C$400&doses_results!$K$2:$K$400&doses_results!$J$2:$J$400&doses_results!$I$2:$I$400,doses_results!$L$2:$L$400,"",0)} | I12: {=_xlfn.XLOOKUP($A12&I$3&$I$2&$A$1,doses_results!$C$2:$C$400&doses_results!$K$2:$K$400&doses_results!$J$2:$J$400&doses_results!$I$2:$I$400,doses_results!$L$2:$L$400,"",0)} | J12: {=_xlfn.XLOOKUP($A12&J$3&$I$2&$A$1,doses_results!$C$2:$C$400&doses_results!$K$2:$K$400&doses_results!$J$2:$J$400&doses_results!$I$2:$I$400,doses_results!$L$2:$L$400,"",0)}
A13: prop_o65 | B13: Proportion Over 65 | C13: {=_xlfn.XLOOKUP($A13&C$3&$C$2&$A$1,doses_results!$C$2:$C$400&doses_results!$K$2:$K$400&doses_results!$J$2:$J$400&doses_results!$I$2:$I$400,doses_results!$L$2:$L$400,"",0)} -> 1.90[0.76,3.04] | D13: {=_xlfn.XLOOKUP($A13&D$3&$C$2&$A$1,doses_results!$C$2:$C$400&doses_results!$K$2:$K$400&doses_results!$J$2:$J$400&doses_results!$I$2:$I$400,doses_results!$L$2:$L$400,"",0)} -> 2.16[0.99,3.33] | E13: {=_xlfn.XLOOKUP($A13&E$3&$C$2&$A$1,doses_results!$C$2:$C$400&doses_results!$K$2:$K$400&doses_results!$J$2:$J$400&doses_results!$I$2:$I$400,doses_results!$L$2:$L$400,"",0)} | F13: {=_xlfn.XLOOKUP($A13&F$3&$F$2&$A$1,doses_results!$C$2:$C$400&doses_results!$K$2:$K$400&doses_results!$J$2:$J$400&doses_results!$I$2:$I$400,doses_results!$L$2:$L$400,"",0)} -> 0.44[-0.98,1.85] | G13: {=_xlfn.XLOOKUP($A13&G$3&$F$2&$A$1,doses_results!$C$2:$C$400&doses_results!$K$2:$K$400&doses_results!$J$2:$J$400&doses_results!$I$2:$I$400,doses_results!$L$2:$L$400,"",0)} -> 0.52[-0.91,1.94] | H13: {=_xlfn.XLOOKUP($A13&H$3&$C$2&$A$1,doses_results!$C$2:$C$400&doses_results!$K$2:$K$400&doses_results!$J$2:$J$400&doses_results!$I$2:$I$400,doses_results!$L$2:$L$400,"",0)} | I13: {=_xlfn.XLOOKUP($A13&I$3&$I$2&$A$1,doses_results!$C$2:$C$400&doses_results!$K$2:$K$400&doses_results!$J$2:$J$400&doses_results!$I$2:$I$400,doses_results!$L$2:$L$400,"",0)} -> 0.75[-0.23,1.72] | J13: {=_xlfn.XLOOKUP($A13&J$3&$I$2&$A$1,doses_results!$C$2:$C$400&doses_results!$K$2:$K$400&doses_results!$J$2:$J$400&doses_results!$I$2:$I$400,doses_results!$L$2:$L$400,"",0)}
A14: prop_u25 | B14: Proportion Under 25 | C14: {=_xlfn.XLOOKUP($A14&C$3&$C$2&$A$1,doses_results!$C$2:$C$400&doses_results!$K$2:$K$400&doses_results!$J$2:$J$400&doses_results!$I$2:$I$400,doses_results!$L$2:$L$400,"",0)} -> -1.41[-2.23,-0.60] | D14: {=_xlfn.XLOOKUP($A14&D$3&$C$2&$A$1,doses_results!$C$2:$C$400&doses_results!$K$2:$K$400&doses_results!$J$2:$J$400&doses_results!$I$2:$I$400,doses_results!$L$2:$L$400,"",0)} -> -1.22[-2.08,-0.37] | E14: {=_xlfn.XLOOKUP($A14&E$3&$C$2&$A$1,doses_results!$C$2:$C$400&doses_results!$K$2:$K$400&doses_results!$J$2:$J$400&doses_results!$I$2:$I$400,doses_results!$L$2:$L$400,"",0)} | F14: {=_xlfn.XLOOKUP($A14&F$3&$F$2&$A$1,doses_results!$C$2:$C$400&doses_results!$K$2:$K$400&doses_results!$J$2:$J$400&doses_results!$I$2:$I$400,doses_results!$L$2:$L$400,"",0)} -> -0.57[-1.62,0.47] | G14: {=_xlfn.XLOOKUP($A14&G$3&$F$2&$A$1,doses_results!$C$2:$C$400&doses_results!$K$2:$K$400&doses_results!$J$2:$J$400&doses_results!$I$2:$I$400,doses_results!$L$2:$L$400,"",0)} -> -0.67[-1.76,0.42] | H14: {=_xlfn.XLOOKUP($A14&H$3&$C$2&$A$1,doses_results!$C$2:$C$400&doses_results!$K$2:$K$400&doses_results!$J$2:$J$400&doses_results!$I$2:$I$400,doses_results!$L$2:$L$400,"",0)} | I14: {=_xlfn.XLOOKUP($A14&I$3&$I$2&$A$1,doses_results!$C$2:$C$400&doses_results!$K$2:$K$400&doses_results!$J$2:$J$400&doses_results!$I$2:$I$400,doses_results!$L$2:$L$400,"",0)} | J14: {=_xlfn.XLOOKUP($A14&J$3&$I$2&$A$1,doses_results!$C$2:$C$400&doses_results!$K$2:$K$400&doses_results!$J$2:$J$400&doses_results!$I$2:$I$400,doses_results!$L$2:$L$400,"",0)}
A15: Median_annual_income | B15: Median Annual Income | C15: {=_xlfn.XLOOKUP($A15&C$3&$C$2&$A$1,doses_results!$C$2:$C$400&doses_results!$K$2:$K$400&doses_results!$J$2:$J$400&doses_results!$I$2:$I$400,doses_results!$L$2:$L$400,"",0)} -> -0.06[-0.48,0.35] | D15: {=_xlfn.XLOOKUP($A15&D$3&$C$2&$A$1,doses_results!$C$2:$C$400&doses_results!$K$2:$K$400&doses_results!$J$2:$J$400&doses_results!$I$2:$I$400,doses_results!$L$2:$L$400,"",0)} -> -0.01[-0.42,0.41] | E15: {=_xlfn.XLOOKUP($A15&E$3&$C$2&$A$1,doses_results!$C$2:$C$400&doses_results!$K$2:$K$400&doses_results!$J$2:$J$400&doses_results!$I$2:$I$400,doses_results!$L$2:$L$400,"",0)} | F15: {=_xlfn.XLOOKUP($A15&F$3&$F$2&$A$1,doses_results!$C$2:$C$400&doses_results!$K$2:$K$400&doses_results!$J$2:$J$400&doses_results!$I$2:$I$400,doses_results!$L$2:$L$400,"",0)} | G15: {=_xlfn.XLOOKUP($A15&G$3&$F$2&$A$1,doses_results!$C$2:$C$400&doses_results!$K$2:$K$400&doses_results!$J$2:$J$400&doses_results!$I$2:$I$400,doses_results!$L$2:$L$400,"",0)} | H15: {=_xlfn.XLOOKUP($A15&H$3&$C$2&$A$1,doses_results!$C$2:$C$400&doses_results!$K$2:$K$400&doses_results!$J$2:$J$400&doses_results!$I$2:$I$400,doses_results!$L$2:$L$400,"",0)} | I15: {=_xlfn.XLOOKUP($A15&I$3&$I$2&$A$1,doses_results!$C$2:$C$400&doses_results!$K$2:$K$400&doses_results!$J$2:$J$400&doses_results!$I$2:$I$400,doses_results!$L$2:$L$400,"",0)} | J15: {=_xlfn.XLOOKUP($A15&J$3&$I$2&$A$1,doses_results!$C$2:$C$400&doses_results!$K$2:$K$400&doses_results!$J$2:$J$400&doses_results!$I$2:$I$400,doses_results!$L$2:$L$400,"",0)}
... A35: ASC_rapid_testing | B35: ASC Rapid Testing | C35: {=_xlfn.XLOOKUP($A35&C$3&$C$2&$A$1,doses_results!$C$2:$C$400&doses_results!$K$2:$K$400&doses_results!$J$2:$J$400&doses_results!$I$2:$I$400,doses_results!$L$2:$L$400,"",0)} | D35: {=_xlfn.XLOOKUP($A35&D$3&$C$2&$A$1,doses_results!$C$2:$C$400&doses_results!$K$2:$K$400&doses_results!$J$2:$J$400&doses_results!$I$2:$I$400,doses_results!$L$2:$L$400,"",0)} | E35: {=_xlfn.XLOOKUP($A35&E$3&$C$2&$A$1,doses_results!$C$2:$C$400&doses_results!$K$2:$K$400&doses_results!$J$2:$J$400&doses_results!$I$2:$I$400,doses_results!$L$2:$L$400,"",0)} | F35: {=_xlfn.XLOOKUP($A35&F$3&$F$2&$A$1,doses_results!$C$2:$C$400&doses_results!$K$2:$K$400&doses_results!$J$2:$J$400&doses_results!$I$2:$I$400,doses_results!$L$2:$L$400,"",0)} | G35: {=_xlfn.XLOOKUP($A35&G$3&$F$2&$A$1,doses_results!$C$2:$C$400&doses_results!$K$2:$K$400&doses_results!$J$2:$J$400&doses_results!$I$2:$I$400,doses_results!$L$2:$L$400,"",0)} | H35: {=_xlfn.XLOOKUP($A35&H$3&$C$2&$A$1,doses_results!$C$2:$C$400&doses_results!$K$2:$K$400&doses_results!$J$2:$J$400&doses_results!$I$2:$I$400,doses_results!$L$2:$L$400,"",0)} | I35: {=_xlfn.XLOOKUP($A35&I$3&$I$2&$A$1,doses_results!$C$2:$C$400&doses_results!$K$2:$K$400&doses_results!$J$2:$J$400&doses_results!$I$2:$I$400,doses_results!$L$2:$L$400,"",0)} | J35: {=_xlfn.XLOOKUP($A35&J$3&$I$2&$A$1,doses_results!$C$2:$C$400&doses_results!$K$2:$K$400&doses_results!$J$2:$J$400&doses_results!$I$2:$I$400,doses_results!$L$2:$L$400,"",0)} -> 0.12[-1.39,1.63]

Sheet dropout_results
B1: ...1 | C1: Variable | D1: Beta | E1: CI_Lower | F1: CI_Upper | G1: AIC | H1: BIC | I1: dose | J1: model | K1: effects | L1: Beta[CI]
A2: 1 | B2: (Intercept) | C2: (Intercept) | D2: 3.7496969 | E2: -2.3606153 | F2: 9.8600091 | G2: 224.29753 | H2: 318.03235 | I2: First vs Second | J2: Simple | K2: Fixed | L2: =TEXT(ROUND(D2,2),"0.00") & "[" & TEXT(ROUND(E2,2),"0.00") & "," & TEXT(ROUND(F2,2),"0.00") & "]" -> 3.75[-2.36,9.86]
A3: 2 | B3: Pop_per_km2 | C3: Pop_per_km2 | D3: 8.162738e-05 | E3: 4.5908658e-05 | F3: 0.0001173461 | G3: 224.29753 | H3: 318.03235 | I3: First vs Second | J3: Simple | K3: Fixed | L3: =TEXT(ROUND(D3,2),"0.00") & "[" & TEXT(ROUND(E3,2),"0.00") & "," & TEXT(ROUND(F3,2),"0.00") & "]" -> 0.00[0.00,0.00] | P3: {=_xlfn.UNIQUE(C2:C300)} -> (Intercept) | R3: (Intercept)
A4: 3 | B4: prop_travelling_to_work | C4: prop_travelling_to_work | D4: -4.9282745 | E4: -10.948023 | F4: 1.0914738 | G4: 224.29753 | H4: 318.03235 | I4: First vs Second | J4: Simple | K4: Fixed | L4: =TEXT(ROUND(D4,2),"0.00") & "[" & TEXT(ROUND(E4,2),"0.00") & "," & TEXT(ROUND(F4,2),"0.00") & "]" -> -4.93[-10.95,1.09] | P4: Pop_per_km2 | R4: Pop_per_km2
A5: 4 | B5: prop_not_in_work | C5: prop_not_in_work | D5: -0.84744431 | E5: -7.0880874 | F5: 5.3931987 | G5: 224.29753 | H5: 318.03235 | I5: First vs Second | J5: Simple | K5: Fixed | L5: =TEXT(ROUND(D5,2),"0.00") & "[" & TEXT(ROUND(E5,2),"0.00") & "," & TEXT(ROUND(F5,2),"0.00") & "]" -> -0.85[-7.09,5.39] | P5: prop_travelling_to_work | R5: prop_travelling_to_work
A6: 5 | B6: prop_all_other_white | C6: prop_all_other_white | D6: 3.1726922 | E6: 1.6678123 | F6: 4.677572 | G6: 224.29753 | H6: 318.03235 | I6: First vs Second | J6: Simple | K6: Fixed | L6: =TEXT(ROUND(D6,2),"0.00") & "[" & TEXT(ROUND(E6,2),"0.00") & "," & TEXT(ROUND(F6,2),"0.00") & "]" -> 3.17[1.67,4.68] | P6: prop_not_in_work | R6: prop_not_in_work
A7: 6 | B7: prop_mixed_multiple | C7: prop_mixed_multiple | D7: 0.25274763 | E7: -4.7463113 | F7: 5.2518065 | G7: 224.29753 | H7: 318.03235 | I7: First vs Second | J7: Simple | K7: Fixed | L7: =TEXT(ROUND(D7,2),"0.00") & "[" & TEXT(ROUND(E7,2),"0.00") & "," & TEXT(ROUND(F7,2),"0.00") & "]" -> 0.25[-4.75,5.25] | P7: prop_all_other_white | R7: prop_all_other_white
A8: 7 | B8: prop_asian | C8: prop_asian | D8: 1.995796 | E8: 1.2408789 | F8: 2.750713 | G8: 224.29753 | H8: 318.03235 | I8: First vs Second | J8: Simple | K8: Fixed | L8: =TEXT(ROUND(D8,2),"0.00") & "[" & TEXT(ROUND(E8,2),"0.00") & "," & TEXT(ROUND(F8,2),"0.00") & "]" -> 2.00[1.24,2.75] | P8: prop_mixed_multiple | R8: prop_mixed_multiple
A9: 8 | B9: prop_black_afr_car | C9: prop_black_afr_car | D9: -0.60898307 | E9: -2.6625655 | F9: 1.4445993 | G9: 224.29753 | H9: 318.03235 | I9: First vs Second | J9: Simple | K9: Fixed | L9: =TEXT(ROUND(D9,2),"0.00") & "[" & TEXT(ROUND(E9,2),"0.00") & "," & TEXT(ROUND(F9,2),"0.00") & "]" -> -0.61[-2.66,1.44] | P9: prop_asian | R9: prop_asian
A10: 9 | B10: prop_other | C10: prop_other | D10: 1.4098173 | E10: -2.5033739 | F10: 5.3230084 | G10: 224.29753 | H10: 318.03235 | I10: First vs Second | J10: Simple | K10: Fixed | L10: =TEXT(ROUND(D10,2),"0.00") & "[" & TEXT(ROUND(E10,2),"0.00") & "," & TEXT(ROUND(F10,2),"0.00") & "]" -> 1.41[-2.50,5.32] | P10: prop_black_afr_car | R10: prop_black_afr_car
A11: 10 | B11: IMD_Average_score | C11: IMD_Average_score | D11: 0.022598513 | E11: -0.015388691 | F11: 0.060585716 | G11: 224.29753 | H11: 318.03235 | I11: First vs Second | J11: Simple | K11: Fixed | L11: =TEXT(ROUND(D11,2),"0.00") & "[" & TEXT(ROUND(E11,2),"0.00") & "," & TEXT(ROUND(F11,2),"0.00") & "]" -> 0.02[-0.02,0.06] | P11: prop_other | R11: prop_other
A12: 11 | B12: prop_o65 | C12: prop_o65 | D12: -3.7906595 | E12: -7.7184778 | F12: 0.13715872 | G12: 224.29753 | H12: 318.03235 | I12: First vs Second | J12: Simple | K12: Fixed | L12: =TEXT(ROUND(D12,2),"0.00") & "[" & TEXT(ROUND(E12,2),"0.00") & "," & TEXT(ROUND(F12,2),"0.00") & "]" -> -3.79[-7.72,0.14] | P12: IMD_Average_score | R12: IMD_Average_score
A13: 12 | B13: prop_u25 | C13: prop_u25 | D13: 8.5599555 | E13: 4.8567245 | F13: 12.263187 | G13: 224.29753 | H13: 318.03235 | I13: First vs Second | J13: Simple | K13: Fixed | L13: =TEXT(ROUND(D13,2),"0.00") & "[" & TEXT(ROUND(E13,2),"0.00") & "," & TEXT(ROUND(F13,2),"0.00") & "]" -> 8.56[4.86,12.26] | P13: prop_o65 | R13: prop_o65
A14: 13 | B14: Median_annual_income | C14: Median_annual_income | D14: -9.4225072e-06 | E14: -2.7165209e-05 | F14: 8.3201946e-06 | G14: 224.29753 | H14: 318.03235 | I14: First vs Second | J14: Simple | K14: Fixed | L14: =TEXT(ROUND(D14,2),"0.00") & "[" & TEXT(ROUND(E14,2),"0.00") & "," & TEXT(ROUND(F14,2),"0.00") & "]" -> 0.00[0.00,0.00] | P14: prop_u25 | R14: prop_u25
A15: 14 | B15: Other_proportion | C15: Other_proportion | D15: 0.0073693669 | E15: -0.0089906558 | F15: 0.02372939 | G15: 224.29753 | H15: 318.03235 | I15: First vs Second | J15: Simple | K15: Fixed | L15: =TEXT(ROUND(D15,2),"0.00") & "[" & TEXT(ROUND(E15,2),"0.00") & "," & TEXT(ROUND(F15,2),"0.00") & "]" -> 0.01[-0.01,0.02] | P15: Median_annual_income | R15: Median_annual_income
... A37: 36 | B37: prop_u251 | C37: prop_u25 | D37: 5.5023652 | E37: -10.839535 | F37: 21.844266 | G37: 1156.5803 | H37: 1250.3151 | I37: Second vs Third | J37: Simple | K37: Fixed | L37: =TEXT(ROUND(D37,2),"0.00") & "[" & TEXT(ROUND(E37,2),"0.00") & "," & TEXT(ROUND(F37,2),"0.00") & "]" -> 5.50[-10.84,21.84] | P37: ASC_workforce_capacity | R37: ASC_workforce_capacity
A38: 37 | B38: Median_annual_income1 | C38: Median_annual_income | D38: -6.5926615e-05 | E38: -0.00014422296 | F38: 1.2369734e-05 | G38: 1156.5803 | H38: 1250.3151 | I38: Second vs Third | J38: Simple | K38: Fixed | L38: =TEXT(ROUND(D38,2),"0.00") & "[" & TEXT(ROUND(E38,2),"0.00") & "," & TEXT(ROUND(F38,2),"0.00") & "]" -> 0.00[0.00,0.00] | P38: 0 | R38: 0
A39: 38 | B39: Other_proportion1 | C39: Other_proportion | D39: 0.012508232 | E39: -0.059686525 | F39: 0.084702989 | G39: 1156.5803 | H39: 1250.3151 | I39: Second vs Third | J39: Simple | K39: Fixed | L39: =TEXT(ROUND(D39,2),"0.00") & "[" & TEXT(ROUND(E39,2),"0.00") & "," & TEXT(ROUND(F39,2),"0.00") & "]" -> 0.01[-0.06,0.08]
A40: 39 | B40: unringfenced_percapita1 | C40: unringfenced_percapita | D40: 0.044756234 | E40: 0.0016751352 | F40: 0.087837333 | G40: 1156.5803 | H40: 1250.3151 | I40: Second vs Third | J40: Simple | K40: Fixed | L40: =TEXT(ROUND(D40,2),"0.00") & "[" & TEXT(ROUND(E40,2),"0.00") & "," & TEXT(ROUND(F40,2),"0.00") & "]" -> 0.04[0.00,0.09]
A41: 40 | B41: ASC_infection_control_fund_percapita1 | C41: ASC_infection_control_fund_percapita | D41: 0.024441388 | E41: -0.042260372 | F41: 0.091143149 | G41: 1156.5803 | H41: 1250.3151 | I41: Second vs Third | J41: Simple | K41: Fixed | L41: =TEXT(ROUND(D41,2),"0.00") & "[" & TEXT(ROUND(E41,2),"0.00") & "," & TEXT(ROUND(F41,2),"0.00") & "]" -> 0.02[-0.04,0.09]
A42: 41 | B42: contain_outbreak_management_percapita1 | C42: contain_outbreak_management_percapita | D42: 0.15802236 | E42: 0.079182613 | F42: 0.2368621 | G42: 1156.5803 | H42: 1250.3151 | I42: Second vs Third | J42: Simple | K42: Fixed | L42: =TEXT(ROUND(D42,2),"0.00") & "[" & TEXT(ROUND(E42,2),"0.00") & "," & TEXT(ROUND(F42,2),"0.00") & "]" -> 0.16[0.08,0.24]
A43: 42 | B43: Income_score1 | C43: Income_score | D43: 12.430668 | E43: -22.155299 | F43: 47.016634 | G43: 1156.5803 | H43: 1250.3151 | I43: Second vs Third | J43: Simple | K43: Fixed | L43: =TEXT(ROUND(D43,2),"0.00") & "[" & TEXT(ROUND(E43,2),"0.00") & "," & TEXT(ROUND(F43,2),"0.00") & "]" -> 12.43[-22.16,47.02]
A44: 43 | B44: Employment_score1 | C44: Employment_score | D44: 15.31302 | E44: -29.033678 | F44: 59.659717 | G44: 1156.5803 | H44: 1250.3151 | I44: Second vs Third | J44: Simple | K44: Fixed | L44: =TEXT(ROUND(D44,2),"0.00") & "[" & TEXT(ROUND(E44,2),"0.00") & "," & TEXT(ROUND(F44,2),"0.00") & "]" -> 15.31[-29.03,59.66]
A45: 44 | B45: Education_Skills_and_Training_score1 | C45: Education_Skills_and_Training_score | D45: 0.092208932 | E45: 0.034922465 | F45: 0.1494954 | G45: 1156.5803 | H45: 1250.3151 | I45: Second vs Third | J45: Simple | K45: Fixed | L45: =TEXT(ROUND(D45,2),"0.00") & "[" & TEXT(ROUND(E45,2),"0.00") & "," & TEXT(ROUND(F45,2),"0.00") & "]" -> 0.09[0.03,0.15]
A46: 45 | B46: Health_Deprivation_and_Disability_score1 | C46: Health_Deprivation_and_Disability_score | D46: -1.514463 | E46: -2.4047408 | F46: -0.62418516 | G46: 1156.5803 | H46: 1250.3151 | I46: Second vs Third | J46: Simple | K46: Fixed | L46: =TEXT(ROUND(D46,2),"0.00") & "[" & TEXT(ROUND(E46,2),"0.00") & "," & TEXT(ROUND(F46,2),"0.00") & "]" -> -1.51[-2.40,-0.62]
A47: 46 | B47: Crime_score1 | C47: Crime_score | D47: 0.55049375 | E47: -0.10976802 | F47: 1.2107555 | G47: 1156.5803 | H47: 1250.3151 | I47: Second vs Third | J47: Simple | K47: Fixed | L47: =TEXT(ROUND(D47,2),"0.00") & "[" & TEXT(ROUND(E47,2),"0.00") & "," & TEXT(ROUND(F47,2),"0.00") & "]" -> 0.55[-0.11,1.21]
A48: 47 | B48: Barriers_to_Housing_and_Services_score1 | C48: Barriers_to_Housing_and_Services_score | D48: 0.034737487 | E48: -0.019526764 | F48: 0.089001739 | G48: 1156.5803 | H48: 1250.3151 | I48: Second vs Third | J48: Simple | K48: Fixed | L48: =TEXT(ROUND(D48,2),"0.00") & "[" & TEXT(ROUND(E48,2),"0.00") & "," & TEXT(ROUND(F48,2),"0.00") & "]" -> 0.03[-0.02,0.09]
A49: 48 | B49: Living_Environment_score1 | C49: Living_Environment_score | D49: 0.05685552 | E49: 0.021815562 | F49: 0.091895478 | G49: 1156.5803 | H49: 1250.3151 | I49: Second vs Third | J49: Simple | K49: Fixed | L49: =TEXT(ROUND(D49,2),"0.00") & "[" & TEXT(ROUND(E49,2),"0.00") & "," & TEXT(ROUND(F49,2),"0.00") & "]" -> 0.06[0.02,0.09]
A50: 49 | B50: 1 | C50: (Intercept) | D50: 3.7128118 | E50: -2.4557027 | F50: 9.8813262 | G50: 325.08997 | H50: 422.57418 | I50: First vs Second | J50: Simple | K50: Random | L50: =TEXT(ROUND(D50,2),"0.00") & "[" & TEXT(ROUND(E50,2),"0.00") & "," & TEXT(ROUND(F50,2),"0.00") & "]" -> 3.71[-2.46,9.88]
A51: 50 | B51: 2 | C51: Pop_per_km2 | D51: 8.7309506e-05 | E51: 5.1214502e-05 | F51: 0.00012340451 | G51: 325.08997 | H51: 422.57418 | I51: First vs Second | J51: Simple | K51: Random | L51: =TEXT(ROUND(D51,2),"0.00") & "[" & TEXT(ROUND(E51,2),"0.00") & "," & TEXT(ROUND(F51,2),"0.00") & "]" -> 0.00[0.00,0.00]
A52: 51 | B52: 3 | C52: prop_travelling_to_work | D52: -4.6628251 | E52: -10.721228 | F52: 1.3955777 | G52: 325.08997 | H52: 422.57418 | I52: First vs Second | J52: Simple | K52: Random | L52: =TEXT(ROUND(D52,2),"0.00") & "[" & TEXT(ROUND(E52,2),"0.00") & "," & TEXT(ROUND(F52,2),"0.00") & "]" -> -4.66[-10.72,1.40]
A53: 52 | B53: 4 | C53: prop_not_in_work | D53: 0.015924744 | E53: -6.3497651 | F53: 6.3816146 | G53: 325.08997 | H53: 422.57418 | I53: First vs Second | J53: Simple | K53: Random | L53: =TEXT(ROUND(D53,2),"0.00") & "[" & TEXT(ROUND(E53,2),"0.00") & "," & TEXT(ROUND(F53,2),"0.00") & "]" -> 0.02[-6.35,6.38]
A54: 53 | B54: 5 | C54: prop_all_other_white | D54: 3.5252111 | E54: 2.0073903 | F54: 5.043032 | G54: 325.08997 | H54: 422.57418 | I54: First vs Second | J54: Simple | K54: Random | L54: =TEXT(ROUND(D54,2),"0.00") & "[" & TEXT(ROUND(E54,2),"0.00") & "," & TEXT(ROUND(F54,2),"0.00") & "]" -> 3.53[2.01,5.04]
A55: 54 | B55: 6 | C55: prop_mixed_multiple | D55: 0.53044836 | E55: -4.4346689 | F55: 5.4955656 | G55: 325.08997 | H55: 422.57418 | I55: First vs Second | J55: Simple | K55: Random | L55: =TEXT(ROUND(D55,2),"0.00") & "[" & TEXT(ROUND(E55,2),"0.00") & "," & TEXT(ROUND(F55,2),"0.00") & "]" -> 0.53[-4.43,5.50]
A56: 55 | B56: 7 | C56: prop_asian | D56: 1.9808962 | E56: 1.2275052 | F56: 2.7342872 | G56: 325.08997 | H56: 422.57418 | I56: First vs Second | J56: Simple | K56: Random | L56: =TEXT(ROUND(D56,2),"0.00") & "[" & TEXT(ROUND(E56,2),"0.00") & "," & TEXT(ROUND(F56,2),"0.00") & "]" -> 1.98[1.23,2.73]
A57: 56 | B57: 8 | C57: prop_black_afr_car | D57: -0.41536937 | E57: -2.4795016 | F57: 1.6487629 | G57: 325.08997 | H57: 422.57418 | I57: First vs Second | J57: Simple | K57: Random | L57: =TEXT(ROUND(D57,2),"0.00") & "[" & TEXT(ROUND(E57,2),"0.00") & "," & TEXT(ROUND(F57,2),"0.00") & "]" -> -0.42[-2.48,1.65]
A58: 57 | B58: 9 | C58: prop_other | D58: 1.2215183 | E58: -2.7201237 | F58: 5.1631603 | G58: 325.08997 | H58: 422.57418 | I58: First vs Second | J58: Simple | K58: Random | L58: =TEXT(ROUND(D58,2),"0.00") & "[" & TEXT(ROUND(E58,2),"0.00") & "," & TEXT(ROUND(F58,2),"0.00") & "]" -> 1.22[-2.72,5.16]
A59: 58 | B59: 10 | C59: IMD_Average_score | D59: 0.018969982 | E59: -0.018990307 | F59: 0.05693027 | G59: 325.08997 | H59: 422.57418 | I59: First vs Second | J59: Simple | K59: Random | L59: =TEXT(ROUND(D59,2),"0.00") & "[" & TEXT(ROUND(E59,2),"0.00") & "," & TEXT(ROUND(F59,2),"0.00") & "]" -> 0.02[-0.02,0.06]
A60: 59 | B60: 11 | C60: prop_o65 | D60: -4.3217691 | E60: -8.3447913 | F60: -0.29874701 | G60: 325.08997 | H60: 422.57418 | I60: First vs Second | J60: Simple | K60: Random | L60: =TEXT(ROUND(D60,2),"0.00") & "[" & TEXT(ROUND(E60,2),"0.00") & "," & TEXT(ROUND(F60,2),"0.00") & "]" -> -4.32[-8.34,-0.30]
A61: 60 | B61: 12 | C61: prop_u25 | D61: 8.0078128 | E61: 4.1413802 | F61: 11.874245 | G61: 325.08997 | H61: 422.57418 | I61: First vs Second | J61: Simple | K61: Random | L61: =TEXT(ROUND(D61,2),"0.00") & "[" & TEXT(ROUND(E61,2),"0.00") & "," & TEXT(ROUND(F61,2),"0.00") & "]" -> 8.01[4.14,11.87]
... A97: 96 | B97: 48 | C97: Living_Environment_score | D97: 0.041542354 | E97: 0.0047462907 | F97: 0.078338417 | G97: 1178.9055 | H97: 1276.3897 | I97: Second vs Third | J97: Simple | K97: Random | L97: =TEXT(ROUND(D97,2),"0.00") & "[" & TEXT(ROUND(E97,2),"0.00") & "," & TEXT(ROUND(F97,2),"0.00") & "]" -> 0.04[0.00,0.08]
A98: 97 | B98: (Intercept) | C98: (Intercept) | D98: 6.5559027 | E98: 5.8205169 | F98: 7.2912885 | G98: 265.41686 | H98: 306.66018 | I98: First vs Second | J98: Stability Lasso | K98: Fixed | L98: =TEXT(ROUND(D98,2),"0.00") & "[" & TEXT(ROUND(E98,2),"0.00") & "," & TEXT(ROUND(F98,2),"0.00") & "]" -> 6.56[5.82,7.29]
A99: 98 | B99: Pop_per_km2 | C99: Pop_per_km2 | D99: 0.00011420129 | E99: 8.6784879e-05 | F99: 0.0001416177 | G99: 265.41686 | H99: 306.66018 | I99: First vs Second | J99: Stability Lasso | K99: Fixed | L99: =TEXT(ROUND(D99,2),"0.00") & "[" & TEXT(ROUND(E99,2),"0.00") & "," & TEXT(ROUND(F99,2),"0.00") & "]" -> 0.00[0.00,0.00]
A100: 99 | B100: Median_age | C100: Median_age | D100: -0.14888244 | E100: -0.17830502 | F100: -0.11945987 | G100: 265.41686 | H100: 306.66018 | I100: First vs Second | J100: Stability Lasso | K100: Fixed | L100: =TEXT(ROUND(D100,2),"0.00") & "[" & TEXT(ROUND(E100,2),"0.00") & "," & TEXT(ROUND(F100,2),"0.00") & "]" -> -0.15[-0.18,-0.12]
A101: 100 | B101: prop_asian | C101: prop_asian | D101: 3.5708736 | E101: 2.9094068 | F101: 4.2323404 | G101: 265.41686 | H101: 306.66018 | I101: First vs Second | J101: Stability Lasso | K101: Fixed | L101: =TEXT(ROUND(D101,2),"0.00") & "[" & TEXT(ROUND(E101,2),"0.00") & "," & TEXT(ROUND(F101,2),"0.00") & "]" -> 3.57[2.91,4.23]
A102: 101 | B102: Income_score | C102: Income_score | D102: -2.905704 | E102: -7.3640542 | F102: 1.5526462 | G102: 265.41686 | H102: 306.66018 | I102: First vs Second | J102: Stability Lasso | K102: Fixed | L102: =TEXT(ROUND(D102,2),"0.00") & "[" & TEXT(ROUND(E102,2),"0.00") & "," & TEXT(ROUND(F102,2),"0.00") & "]" -> -2.91[-7.36,1.55]
A103: 102 | B103: unringfenced_percapita | C103: unringfenced_percapita | D103: 0.03251177 | E103: 0.023676795 | F103: 0.041346745 | G103: 265.41686 | H103: 306.66018 | I103: First vs Second | J103: Stability Lasso | K103: Fixed | L103: =TEXT(ROUND(D103,2),"0.00") & "[" & TEXT(ROUND(E103,2),"0.00") & "," & TEXT(ROUND(F103,2),"0.00") & "]" -> 0.03[0.02,0.04]
A104: 103 | B104: prop_black_afr_car | C104: prop_black_afr_car | D104: 2.3936697 | E104: 0.81975768 | F104: 3.9675817 | G104: 265.41686 | H104: 306.66018 | I104: First vs Second | J104: Stability Lasso | K104: Fixed | L104: =TEXT(ROUND(D104,2),"0.00") & "[" & TEXT(ROUND(E104,2),"0.00") & "," & TEXT(ROUND(F104,2),"0.00") & "]" -> 2.39[0.82,3.97]
A105: 104 | B105: IMD_Average_score | C105: IMD_Average_score | D105: 0.065762867 | E105: 0.040661852 | F105: 0.090863882 | G105: 265.41686 | H105: 306.66018 | I105: First vs Second | J105: Stability Lasso | K105: Fixed | L105: =TEXT(ROUND(D105,2),"0.00") & "[" & TEXT(ROUND(E105,2),"0.00") & "," & TEXT(ROUND(F105,2),"0.00") & "]" -> 0.07[0.04,0.09]
A106: 105 | B106: prop_o65 | C106: prop_o65 | D106: 7.9985841 | E106: 4.4930768 | F106: 11.504091 | G106: 265.41686 | H106: 306.66018 | I106: First vs Second | J106: Stability Lasso | K106: Fixed | L106: =TEXT(ROUND(D106,2),"0.00") & "[" & TEXT(ROUND(E106,2),"0.00") & "," & TEXT(ROUND(F106,2),"0.00") & "]" -> 8.00[4.49,11.50]
A107: 106 | B107: Crime_score | C107: Crime_score | D107: -0.088580706 | E107: -0.23373852 | F107: 0.056577109 | G107: 265.41686 | H107: 306.66018 | I107: First vs Second | J107: Stability Lasso | K107: Fixed | L107: =TEXT(ROUND(D107,2),"0.00") & "[" & TEXT(ROUND(E107,2),"0.00") & "," & TEXT(ROUND(F107,2),"0.00") & "]" -> -0.09[-0.23,0.06]
A108: 107 | B108: (Intercept)1 | C108: (Intercept) | D108: 18.520063 | E108: 15.361982 | F108: 21.678144 | G108: 1180.6167 | H108: 1221.86 | I108: Second vs Third | J108: Stability Lasso | K108: Fixed | L108: =TEXT(ROUND(D108,2),"0.00") & "[" & TEXT(ROUND(E108,2),"0.00") & "," & TEXT(ROUND(F108,2),"0.00") & "]" -> 18.52[15.36,21.68]
A109: 108 | B109: Pop_per_km21 | C109: Pop_per_km2 | D109: -0.00032548515 | E109: -0.00044322369 | F109: -0.00020774661 | G109: 1180.6167 | H109: 1221.86 | I109: Second vs Third | J109: Stability Lasso | K109: Fixed | L109: =TEXT(ROUND(D109,2),"0.00") & "[" & TEXT(ROUND(E109,2),"0.00") & "," & TEXT(ROUND(F109,2),"0.00") & "]" -> 0.00[0.00,0.00]
... A117: 116 | B117: Crime_score1 | C117: Crime_score | D117: 0.66966746 | E117: 0.046293787 | F117: 1.2930411 | G117: 1180.6167 | H117: 1221.86 | I117: Second vs Third | J117: Stability Lasso | K117: Fixed | L117: =TEXT(ROUND(D117,2),"0.00") & "[" & TEXT(ROUND(E117,2),"0.00") & "," & TEXT(ROUND(F117,2),"0.00") & "]" -> 0.67[0.05,1.29]
A118: 117 | B118: 1 | C118: (Intercept) | D118: 6.5952153 | E118: 5.8528111 | F118: 7.3376195 | G118: 318.70486 | H118: 363.69757 | I118: First vs Second | J118: Stability Lasso | K118: Random | L118: =TEXT(ROUND(D118,2),"0.00") & "[" & TEXT(ROUND(E118,2),"0.00") & "," & TEXT(ROUND(F118,2),"0.00") & "]" -> 6.60[5.85,7.34]
A119: 118 | B119: 2 | C119: Pop_per_km2 | D119: 0.00011285643 | E119: 8.5203726e-05 | F119: 0.00014050913 | G119: 318.70486 | H119: 363.69757 | I119: First vs Second | J119: Stability Lasso | K119: Random | L119: =TEXT(ROUND(D119,2),"0.00") & "[" & TEXT(ROUND(E119,2),"0.00") & "," & TEXT(ROUND(F119,2),"0.00") & "]" -> 0.00[0.00,0.00]
A120: 119 | B120: 3 | C120: Median_age | D120: -0.14967052 | E120: -0.1792349 | F120: -0.12010613 | G120: 318.70486 | H120: 363.69757 | I120: First vs Second | J120: Stability Lasso | K120: Random | L120: =TEXT(ROUND(D120,2),"0.00") & "[" & TEXT(ROUND(E120,2),"0.00") & "," & TEXT(ROUND(F120,2),"0.00") & "]" -> -0.15[-0.18,-0.12]
A121: 120 | B121: 4 | C121: prop_asian | D121: 3.5601601 | E121: 2.8988856 | F121: 4.2214345 | G121: 318.70486 | H121: 363.69757 | I121: First vs Second | J121: Stability Lasso | K121: Random | L121: =TEXT(ROUND(D121,2),"0.00") & "[" & TEXT(ROUND(E121,2),"0.00") & "," & TEXT(ROUND(F121,2),"0.00") & "]" -> 3.56[2.90,4.22]
A122: 121 | B122: 5 | C122: Income_score | D122: -2.8178517 | E122: -7.3051193 | F122: 1.6694159 | G122: 318.70486 | H122: 363.69757 | I122: First vs Second | J122: Stability Lasso | K122: Random | L122: =TEXT(ROUND(D122,2),"0.00") & "[" & TEXT(ROUND(E122,2),"0.00") & "," & TEXT(ROUND(F122,2),"0.00") & "]" -> -2.82[-7.31,1.67]
A123: 122 | B123: 6 | C123: unringfenced_percapita | D123: 0.032385494 | E123: 0.023566084 | F123: 0.041204904 | G123: 318.70486 | H123: 363.69757 | I123: First vs Second | J123: Stability Lasso | K123: Random | L123: =TEXT(ROUND(D123,2),"0.00") & "[" & TEXT(ROUND(E123,2),"0.00") & "," & TEXT(ROUND(F123,2),"0.00") & "]" -> 0.03[0.02,0.04]
A124: 123 | B124: 7 | C124: prop_black_afr_car | D124: 2.3771619 | E124: 0.78641353 | F124: 3.9679102 | G124: 318.70486 | H124: 363.69757 | I124: First vs Second | J124: Stability Lasso | K124: Random | L124: =TEXT(ROUND(D124,2),"0.00") & "[" & TEXT(ROUND(E124,2),"0.00") & "," & TEXT(ROUND(F124,2),"0.00") & "]" -> 2.38[0.79,3.97]
A125: 124 | B125: 8 | C125: IMD_Average_score | D125: 0.065331103 | E125: 0.040066326 | F125: 0.09059588 | G125: 318.70486 | H125: 363.69757 | I125: First vs Second | J125: Stability Lasso | K125: Random | L125: =TEXT(ROUND(D125,2),"0.00") & "[" & TEXT(ROUND(E125,2),"0.00") & "," & TEXT(ROUND(F125,2),"0.00") & "]" -> 0.07[0.04,0.09]
A126: 125 | B126: 9 | C126: prop_o65 | D126: 7.9969045 | E126: 4.4720172 | F126: 11.521792 | G126: 318.70486 | H126: 363.69757 | I126: First vs Second | J126: Stability Lasso | K126: Random | L126: =TEXT(ROUND(D126,2),"0.00") & "[" & TEXT(ROUND(E126,2),"0.00") & "," & TEXT(ROUND(F126,2),"0.00") & "]" -> 8.00[4.47,11.52]
A127: 126 | B127: 10 | C127: Crime_score | D127: -0.094559318 | E127: -0.24165153 | F127: 0.052532898 | G127: 318.70486 | H127: 363.69757 | I127: First vs Second | J127: Stability Lasso | K127: Random | L127: =TEXT(ROUND(D127,2),"0.00") & "[" & TEXT(ROUND(E127,2),"0.00") & "," & TEXT(ROUND(F127,2),"0.00") & "]" -> -0.09[-0.24,0.05]
A128: 127 | B128: 11 | C128: (Intercept) | D128: 18.752058 | E128: 15.518267 | F128: 21.985849 | G128: 1198.9044 | H128: 1243.8971 | I128: Second vs Third | J128: Stability Lasso | K128: Random | L128: =TEXT(ROUND(D128,2),"0.00") & "[" & TEXT(ROUND(E128,2),"0.00") & "," & TEXT(ROUND(F128,2),"0.00") & "]" -> 18.75[15.52,21.99]
A129: 128 | B129: 12 | C129: Pop_per_km2 | D129: -0.00032109395 | E129: -0.00044298741 | F129: -0.0001992005 | G129: 1198.9044 | H129: 1243.8971 | I129: Second vs Third | J129: Stability Lasso | K129: Random | L129: =TEXT(ROUND(D129,2),"0.00") & "[" & TEXT(ROUND(E129,2),"0.00") & "," & TEXT(ROUND(F129,2),"0.00") & "]" -> 0.00[0.00,0.00]
... A137: 136 | B137: 20 | C137: Crime_score | D137: 0.71308208 | E137: 0.076897665 | F137: 1.3492665 | G137: 1198.9044 | H137: 1243.8971 | I137: Second vs Third | J137: Stability Lasso | K137: Random | L137: =TEXT(ROUND(D137,2),"0.00") & "[" & TEXT(ROUND(E137,2),"0.00") & "," & TEXT(ROUND(F137,2),"0.00") & "]" -> 0.71[0.08,1.35]
A138: 137 | B138: (Intercept) | C138: (Intercept) | D138: 5.1089665 | E138: 1.3694851 | F138: 8.8484478 | G138: 123.33894 | H138: 224.57255 | I138: First vs Second | J138: Stepwise | K138: Fixed | L138: =TEXT(ROUND(D138,2),"0.00") & "[" & TEXT(ROUND(E138,2),"0.00") & "," & TEXT(ROUND(F138,2),"0.00") & "]" -> 5.11[1.37,8.85]
A139: 138 | B139: Pop_per_km2 | C139: Pop_per_km2 | D139: 4.2060552e-05 | E139: 6.8662211e-06 | F139: 7.7254884e-05 | G139: 123.33894 | H139: 224.57255 | I139: First vs Second | J139: Stepwise | K139: Fixed | L139: =TEXT(ROUND(D139,2),"0.00") & "[" & TEXT(ROUND(E139,2),"0.00") & "," & TEXT(ROUND(F139,2),"0.00") & "]" -> 0.00[0.00,0.00]
A140: 139 | B140: Median_age | C140: Median_age | D140: -0.082916748 | E140: -0.13146543 | F140: -0.034368067 | G140: 123.33894 | H140: 224.57255 | I140: First vs Second | J140: Stepwise | K140: Fixed | L140: =TEXT(ROUND(D140,2),"0.00") & "[" & TEXT(ROUND(E140,2),"0.00") & "," & TEXT(ROUND(F140,2),"0.00") & "]" -> -0.08[-0.13,-0.03]
A141: 140 | B141: prop_travelling_to_work | C141: prop_travelling_to_work | D141: -1.9753633 | E141: -4.288107 | F141: 0.33738037 | G141: 123.33894 | H141: 224.57255 | I141: First vs Second | J141: Stepwise | K141: Fixed | L141: =TEXT(ROUND(D141,2),"0.00") & "[" & TEXT(ROUND(E141,2),"0.00") & "," & TEXT(ROUND(F141,2),"0.00") & "]" -> -1.98[-4.29,0.34]
A142: 141 | B142: prop_all_other_white | C142: prop_all_other_white | D142: 2.3377819 | E142: 1.1338035 | F142: 3.5417604 | G142: 123.33894 | H142: 224.57255 | I142: First vs Second | J142: Stepwise | K142: Fixed | L142: =TEXT(ROUND(D142,2),"0.00") & "[" & TEXT(ROUND(E142,2),"0.00") & "," & TEXT(ROUND(F142,2),"0.00") & "]" -> 2.34[1.13,3.54]
A143: 142 | B143: prop_asian | C143: prop_asian | D143: 2.0591461 | E143: 1.4200168 | F143: 2.6982753 | G143: 123.33894 | H143: 224.57255 | I143: First vs Second | J143: Stepwise | K143: Fixed | L143: =TEXT(ROUND(D143,2),"0.00") & "[" & TEXT(ROUND(E143,2),"0.00") & "," & TEXT(ROUND(F143,2),"0.00") & "]" -> 2.06[1.42,2.70]
A144: 143 | B144: prop_u25 | C144: prop_u25 | D144: 6.7553006 | E144: 2.427316 | F144: 11.083285 | G144: 123.33894 | H144: 224.57255 | I144: First vs Second | J144: Stepwise | K144: Fixed | L144: =TEXT(ROUND(D144,2),"0.00") & "[" & TEXT(ROUND(E144,2),"0.00") & "," & TEXT(ROUND(F144,2),"0.00") & "]" -> 6.76[2.43,11.08]
A145: 144 | B145: no_jobs | C145: no_jobs | D145: -0.004542837 | E145: -0.0089062143 | F145: -0.00017945976 | G145: 123.33894 | H145: 224.57255 | I145: First vs Second | J145: Stepwise | K145: Fixed | L145: =TEXT(ROUND(D145,2),"0.00") & "[" & TEXT(ROUND(E145,2),"0.00") & "," & TEXT(ROUND(F145,2),"0.00") & "]" -> 0.00[-0.01,0.00]
A146: 145 | B146: residential_percent_change_from_baseline | C146: residential_percent_change_from_baseline | D146: -0.18131598 | E146: -0.22808551 | F146: -0.13454645 | G146: 123.33894 | H146: 224.57255 | I146: First vs Second | J146: Stepwise | K146: Fixed | L146: =TEXT(ROUND(D146,2),"0.00") & "[" & TEXT(ROUND(E146,2),"0.00") & "," & TEXT(ROUND(F146,2),"0.00") & "]" -> -0.18[-0.23,-0.13]
A147: 146 | B147: Specialised_services | C147: Specialised_services | D147: -5.2395376e-07 | E147: -8.8670003e-07 | F147: -1.6120748e-07 | G147: 123.33894 | H147: 224.57255 | I147: First vs Second | J147: Stepwise | K147: Fixed | L147: =TEXT(ROUND(D147,2),"0.00") & "[" & TEXT(ROUND(E147,2),"0.00") & "," & TEXT(ROUND(F147,2),"0.00") & "]" -> 0.00[0.00,0.00]
A148: 147 | B148: unringfenced_percapita | C148: unringfenced_percapita | D148: 0.18462044 | E148: 0.13750571 | F148: 0.23173516 | G148: 123.33894 | H148: 224.57255 | I148: First vs Second | J148: Stepwise | K148: Fixed | L148: =TEXT(ROUND(D148,2),"0.00") & "[" & TEXT(ROUND(E148,2),"0.00") & "," & TEXT(ROUND(F148,2),"0.00") & "]" -> 0.18[0.14,0.23]
A149: 148 | B149: ASC_rapid_testing | C149: ASC_rapid_testing | D149: -61.192634 | E149: -84.511521 | F149: -37.873747 | G149: 123.33894 | H149: 224.57255 | I149: First vs Second | J149: Stepwise | K149: Fixed | L149: =TEXT(ROUND(D149,2),"0.00") & "[" & TEXT(ROUND(E149,2),"0.00") & "," & TEXT(ROUND(F149,2),"0.00") & "]" -> -61.19[-84.51,-37.87]
... A189: 188 | B189: Crime_score1 | C189: Crime_score | D189: 0.89337598 | E189: 0.27478832 | F189: 1.5119636 | G189: 1120.2308 | H189: 1221.4644 | I189: Second vs Third | J189: Stepwise | K189: Fixed | L189: =TEXT(ROUND(D189,2),"0.00") & "[" & TEXT(ROUND(E189,2),"0.00") & "," & TEXT(ROUND(F189,2),"0.00") & "]" -> 0.89[0.27,1.51]
A190: 189 | B190: 1 | C190: (Intercept) | D190: 11.952789 | E190: 10.252442 | F190: 13.653136 | G190: 243.41052 | H190: 318.39838 | I190: First vs Second | J190: Stepwise | K190: Random | L190: =TEXT(ROUND(D190,2),"0.00") & "[" & TEXT(ROUND(E190,2),"0.00") & "," & TEXT(ROUND(F190,2),"0.00") & "]" -> 11.95[10.25,13.65]
A191: 190 | B191: 2 | C191: Pop_per_km2 | D191: 5.9151157e-05 | E191: 2.6211722e-05 | F191: 9.2090592e-05 | G191: 243.41052 | H191: 318.39838 | I191: First vs Second | J191: Stepwise | K191: Random | L191: =TEXT(ROUND(D191,2),"0.00") & "[" & TEXT(ROUND(E191,2),"0.00") & "," & TEXT(ROUND(F191,2),"0.00") & "]" -> 0.00[0.00,0.00]
A192: 191 | B192: 3 | C192: Median_age | D192: -0.12058218 | E192: -0.15283196 | F192: -0.088332405 | G192: 243.41052 | H192: 318.39838 | I192: First vs Second | J192: Stepwise | K192: Random | L192: =TEXT(ROUND(D192,2),"0.00") & "[" & TEXT(ROUND(E192,2),"0.00") & "," & TEXT(ROUND(F192,2),"0.00") & "]" -> -0.12[-0.15,-0.09]
A193: 192 | B193: 4 | C193: prop_travelling_to_work | D193: -5.9381215 | E193: -7.8741995 | F193: -4.0020435 | G193: 243.41052 | H193: 318.39838 | I193: First vs Second | J193: Stepwise | K193: Random | L193: =TEXT(ROUND(D193,2),"0.00") & "[" & TEXT(ROUND(E193,2),"0.00") & "," & TEXT(ROUND(F193,2),"0.00") & "]" -> -5.94[-7.87,-4.00]
A194: 193 | B194: 5 | C194: prop_all_other_white | D194: 2.2418951 | E194: 0.9851051 | F194: 3.4986852 | G194: 243.41052 | H194: 318.39838 | I194: First vs Second | J194: Stepwise | K194: Random | L194: =TEXT(ROUND(D194,2),"0.00") & "[" & TEXT(ROUND(E194,2),"0.00") & "," & TEXT(ROUND(F194,2),"0.00") & "]" -> 2.24[0.99,3.50]
A195: 194 | B195: 6 | C195: prop_asian | D195: 2.460981 | E195: 1.8635241 | F195: 3.0584379 | G195: 243.41052 | H195: 318.39838 | I195: First vs Second | J195: Stepwise | K195: Random | L195: =TEXT(ROUND(D195,2),"0.00") & "[" & TEXT(ROUND(E195,2),"0.00") & "," & TEXT(ROUND(F195,2),"0.00") & "]" -> 2.46[1.86,3.06]
A196: 195 | B196: 7 | C196: residential_percent_change_from_baseline | D196: -0.19268427 | E196: -0.24076505 | F196: -0.14460349 | G196: 243.41052 | H196: 318.39838 | I196: First vs Second | J196: Stepwise | K196: Random | L196: =TEXT(ROUND(D196,2),"0.00") & "[" & TEXT(ROUND(E196,2),"0.00") & "," & TEXT(ROUND(F196,2),"0.00") & "]" -> -0.19[-0.24,-0.14]
A197: 196 | B197: 8 | C197: unringfenced_percapita | D197: 0.18292887 | E197: 0.13296969 | F197: 0.23288806 | G197: 243.41052 | H197: 318.39838 | I197: First vs Second | J197: Stepwise | K197: Random | L197: =TEXT(ROUND(D197,2),"0.00") & "[" & TEXT(ROUND(E197,2),"0.00") & "," & TEXT(ROUND(F197,2),"0.00") & "]" -> 0.18[0.13,0.23]
A198: 197 | B198: 9 | C198: ASC_rapid_testing | D198: -73.787213 | E198: -97.470166 | F198: -50.104259 | G198: 243.41052 | H198: 318.39838 | I198: First vs Second | J198: Stepwise | K198: Random | L198: =TEXT(ROUND(D198,2),"0.00") & "[" & TEXT(ROUND(E198,2),"0.00") & "," & TEXT(ROUND(F198,2),"0.00") & "]" -> -73.79[-97.47,-50.10]
A199: 198 | B199: 10 | C199: DWP_winter_grant_percapita | D199: -0.53825087 | E199: -0.70605616 | F199: -0.37044557 | G199: 243.41052 | H199: 318.39838 | I199: First vs Second | J199: Stepwise | K199: Random | L199: =TEXT(ROUND(D199,2),"0.00") & "[" & TEXT(ROUND(E199,2),"0.00") & "," & TEXT(ROUND(F199,2),"0.00") & "]" -> -0.54[-0.71,-0.37]
A200: 199 | B200: 11 | C200: sales_compensation | D200: -0.024421444 | E200: -0.050167144 | F200: 0.0013242566 | G200: 243.41052 | H200: 318.39838 | I200: First vs Second | J200: Stepwise | K200: Random | L200: =TEXT(ROUND(D200,2),"0.00") & "[" & TEXT(ROUND(E200,2),"0.00") & "," & TEXT(ROUND(F200,2),"0.00") & "]" -> -0.02[-0.05,0.00]
A201: 200 | B201: 12 | C201: prop_black_afr_car | D201: 0.63624139 | E201: -0.84858567 | F201: 2.1210685 | G201: 243.41052 | H201: 318.39838 | I201: First vs Second | J201: Stepwise | K201: Random | L201: =TEXT(ROUND(D201,2),"0.00") & "[" & TEXT(ROUND(E201,2),"0.00") & "," & TEXT(ROUND(F201,2),"0.00") & "]" -> 0.64[-0.85,2.12]
... A225: 224 | B225: 36 | C225: Crime_score | D225: 1.1782691 | E225: 0.58891029 | F225: 1.7676279 | G225: 1168.7136 | H225: 1243.7014 | I225: Second vs Third | J225: Stepwise | K225: Random | L225: =TEXT(ROUND(D225,2),"0.00") & "[" & TEXT(ROUND(E225,2),"0.00") & "," & TEXT(ROUND(F225,2),"0.00") & "]" -> 1.18[0.59,1.77]
L226: =TEXT(ROUND(D226,2),"0.00") & "[" & TEXT(ROUND(E226,2),"0.00") & "," & TEXT(ROUND(F226,2),"0.00") & "]" -> 0.00[0.00,0.00]
L227: =TEXT(ROUND(D227,2),"0.00") & "[" & TEXT(ROUND(E227,2),"0.00") & "," & TEXT(ROUND(F227,2),"0.00") & "]" -> 0.00[0.00,0.00]
L228: =TEXT(ROUND(D228,2),"0.00") & "[" & TEXT(ROUND(E228,2),"0.00") & "," & TEXT(ROUND(F228,2),"0.00") & "]" -> 0.00[0.00,0.00]
L229: =TEXT(ROUND(D229,2),"0.00") & "[" & TEXT(ROUND(E229,2),"0.00") & "," & TEXT(ROUND(F229,2),"0.00") & "]" -> 0.00[0.00,0.00]
L230: =TEXT(ROUND(D230,2),"0.00") & "[" & TEXT(ROUND(E230,2),"0.00") & "," & TEXT(ROUND(F230,2),"0.00") & "]" -> 0.00[0.00,0.00]
L231: =TEXT(ROUND(D231,2),"0.00") & "[" & TEXT(ROUND(E231,2),"0.00") & "," & TEXT(ROUND(F231,2),"0.00") & "]" -> 0.00[0.00,0.00]
L232: =TEXT(ROUND(D232,2),"0.00") & "[" & TEXT(ROUND(E232,2),"0.00") & "," & TEXT(ROUND(F232,2),"0.00") & "]" -> 0.00[0.00,0.00]
...

Sheet 1v2_dropout_table
A1: First vs Second
C2: Simple | F2: Stability Lasso | I2: Stepwise
A3: Variable | C3: Fixed | D3: Random | F3: Fixed | G3: Random | I3: Fixed | J3: Random
A4: Pop_per_km2 | B4: Population per km2 | C4: {=_xlfn.XLOOKUP($A4&C$3&$C$2&$A$1,dropout_results!$C$2:$C$300&dropout_results!$K$2:$K$300&dropout_results!$J$2:$J$300&dropout_results!$I$2:$I$300,dropout_results!$L$2:$L$300,"",0)} -> 0.00[0.00,0.00] | D4: {=_xlfn.XLOOKUP($A4&D$3&$C$2&$A$1,dropout_results!$C$2:$C$300&dropout_results!$K$2:$K$300&dropout_results!$J$2:$J$300&dropout_results!$I$2:$I$300,dropout_results!$L$2:$L$300,"",0)} -> 0.00[0.00,0.00] | F4: {=_xlfn.XLOOKUP($A4&F$3&$F$2&$A$1,dropout_results!$C$2:$C$300&dropout_results!$K$2:$K$300&dropout_results!$J$2:$J$300&dropout_results!$I$2:$I$300,dropout_results!$L$2:$L$300,"",0)} -> 0.00[0.00,0.00] | G4: {=_xlfn.XLOOKUP($A4&G$3&$F$2&$A$1,dropout_results!$C$2:$C$300&dropout_results!$K$2:$K$300&dropout_results!$J$2:$J$300&dropout_results!$I$2:$I$300,dropout_results!$L$2:$L$300,"",0)} -> 0.00[0.00,0.00] | I4: {=_xlfn.XLOOKUP($A4&I$3&$I$2&$A$1,dropout_results!$C$2:$C$300&dropout_results!$K$2:$K$300&dropout_results!$J$2:$J$300&dropout_results!$I$2:$I$300,dropout_results!$L$2:$L$300,"",0)} -> 0.00[0.00,0.00] | J4: {=_xlfn.XLOOKUP($A4&J$3&$I$2&$A$1,dropout_results!$C$2:$C$300&dropout_results!$K$2:$K$300&dropout_results!$J$2:$J$300&dropout_results!$I$2:$I$300,dropout_results!$L$2:$L$300,"",0)} -> 0.00[0.00,0.00]
A5: prop_travelling_to_work | B5: Proportion Travelling To Work | C5: {=_xlfn.XLOOKUP($A5&C$3&$C$2&$A$1,dropout_results!$C$2:$C$300&dropout_results!$K$2:$K$300&dropout_results!$J$2:$J$300&dropout_results!$I$2:$I$300,dropout_results!$L$2:$L$300,"",0)} -> -4.93[-10.95,1.09] | D5: {=_xlfn.XLOOKUP($A5&D$3&$C$2&$A$1,dropout_results!$C$2:$C$300&dropout_results!$K$2:$K$300&dropout_results!$J$2:$J$300&dropout_results!$I$2:$I$300,dropout_results!$L$2:$L$300,"",0)} -> -4.66[-10.72,1.40] | F5: {=_xlfn.XLOOKUP($A5&F$3&$F$2&$A$1,dropout_results!$C$2:$C$300&dropout_results!$K$2:$K$300&dropout_results!$J$2:$J$300&dropout_results!$I$2:$I$300,dropout_results!$L$2:$L$300,"",0)} | G5: {=_xlfn.XLOOKUP($A5&G$3&$F$2&$A$1,dropout_results!$C$2:$C$300&dropout_results!$K$2:$K$300&dropout_results!$J$2:$J$300&dropout_results!$I$2:$I$300,dropout_results!$L$2:$L$300,"",0)} | I5: {=_xlfn.XLOOKUP($A5&I$3&$I$2&$A$1,dropout_results!$C$2:$C$300&dropout_results!$K$2:$K$300&dropout_results!$J$2:$J$300&dropout_results!$I$2:$I$300,dropout_results!$L$2:$L$300,"",0)} -> -1.98[-4.29,0.34] | J5: {=_xlfn.XLOOKUP($A5&J$3&$I$2&$A$1,dropout_results!$C$2:$C$300&dropout_results!$K$2:$K$300&dropout_results!$J$2:$J$300&dropout_results!$I$2:$I$300,dropout_results!$L$2:$L$300,"",0)} -> -5.94[-7.87,-4.00]
A6: prop_not_in_work | B6: Proportion Not In Work | C6: {=_xlfn.XLOOKUP($A6&C$3&$C$2&$A$1,dropout_results!$C$2:$C$300&dropout_results!$K$2:$K$300&dropout_results!$J$2:$J$300&dropout_results!$I$2:$I$300,dropout_results!$L$2:$L$300,"",0)} -> -0.85[-7.09,5.39] | D6: {=_xlfn.XLOOKUP($A6&D$3&$C$2&$A$1,dropout_results!$C$2:$C$300&dropout_results!$K$2:$K$300&dropout_results!$J$2:$J$300&dropout_results!$I$2:$I$300,dropout_results!$L$2:$L$300,"",0)} -> 0.02[-6.35,6.38] | F6: {=_xlfn.XLOOKUP($A6&F$3&$F$2&$A$1,dropout_results!$C$2:$C$300&dropout_results!$K$2:$K$300&dropout_results!$J$2:$J$300&dropout_results!$I$2:$I$300,dropout_results!$L$2:$L$300,"",0)} | G6: {=_xlfn.XLOOKUP($A6&G$3&$F$2&$A$1,dropout_results!$C$2:$C$300&dropout_results!$K$2:$K$300&dropout_results!$J$2:$J$300&dropout_results!$I$2:$I$300,dropout_results!$L$2:$L$300,"",0)} | I6: {=_xlfn.XLOOKUP($A6&I$3&$I$2&$A$1,dropout_results!$C$2:$C$300&dropout_results!$K$2:$K$300&dropout_results!$J$2:$J$300&dropout_results!$I$2:$I$300,dropout_results!$L$2:$L$300,"",0)} | J6: {=_xlfn.XLOOKUP($A6&J$3&$I$2&$A$1,dropout_results!$C$2:$C$300&dropout_results!$K$2:$K$300&dropout_results!$J$2:$J$300&dropout_results!$I$2:$I$300,dropout_results!$L$2:$L$300,"",0)}
A7: prop_all_other_white | B7: Proportion All Other White | C7: {=_xlfn.XLOOKUP($A7&C$3&$C$2&$A$1,dropout_results!$C$2:$C$300&dropout_results!$K$2:$K$300&dropout_results!$J$2:$J$300&dropout_results!$I$2:$I$300,dropout_results!$L$2:$L$300,"",0)} -> 3.17[1.67,4.68] | D7: {=_xlfn.XLOOKUP($A7&D$3&$C$2&$A$1,dropout_results!$C$2:$C$300&dropout_results!$K$2:$K$300&dropout_results!$J$2:$J$300&dropout_results!$I$2:$I$300,dropout_results!$L$2:$L$300,"",0)} -> 3.53[2.01,5.04] | F7: {=_xlfn.XLOOKUP($A7&F$3&$F$2&$A$1,dropout_results!$C$2:$C$300&dropout_results!$K$2:$K$300&dropout_results!$J$2:$J$300&dropout_results!$I$2:$I$300,dropout_results!$L$2:$L$300,"",0)} | G7: {=_xlfn.XLOOKUP($A7&G$3&$F$2&$A$1,dropout_results!$C$2:$C$300&dropout_results!$K$2:$K$300&dropout_results!$J$2:$J$300&dropout_results!$I$2:$I$300,dropout_results!$L$2:$L$300,"",0)} | I7: {=_xlfn.XLOOKUP($A7&I$3&$I$2&$A$1,dropout_results!$C$2:$C$300&dropout_results!$K$2:$K$300&dropout_results!$J$2:$J$300&dropout_results!$I$2:$I$300,dropout_results!$L$2:$L$300,"",0)} -> 2.34[1.13,3.54] | J7: {=_xlfn.XLOOKUP($A7&J$3&$I$2&$A$1,dropout_results!$C$2:$C$300&dropout_results!$K$2:$K$300&dropout_results!$J$2:$J$300&dropout_results!$I$2:$I$300,dropout_results!$L$2:$L$300,"",0)} -> 2.24[0.99,3.50]
A8: prop_mixed_multiple | B8: Proportion Mixed | C8: {=_xlfn.XLOOKUP($A8&C$3&$C$2&$A$1,dropout_results!$C$2:$C$300&dropout_results!$K$2:$K$300&dropout_results!$J$2:$J$300&dropout_results!$I$2:$I$300,dropout_results!$L$2:$L$300,"",0)} -> 0.25[-4.75,5.25] | D8: {=_xlfn.XLOOKUP($A8&D$3&$C$2&$A$1,dropout_results!$C$2:$C$300&dropout_results!$K$2:$K$300&dropout_results!$J$2:$J$300&dropout_results!$I$2:$I$300,dropout_results!$L$2:$L$300,"",0)} -> 0.53[-4.43,5.50] | F8: {=_xlfn.XLOOKUP($A8&F$3&$F$2&$A$1,dropout_results!$C$2:$C$300&dropout_results!$K$2:$K$300&dropout_results!$J$2:$J$300&dropout_results!$I$2:$I$300,dropout_results!$L$2:$L$300,"",0)} | G8: {=_xlfn.XLOOKUP($A8&G$3&$F$2&$A$1,dropout_results!$C$2:$C$300&dropout_results!$K$2:$K$300&dropout_results!$J$2:$J$300&dropout_results!$I$2:$I$300,dropout_results!$L$2:$L$300,"",0)} | I8: {=_xlfn.XLOOKUP($A8&I$3&$I$2&$A$1,dropout_results!$C$2:$C$300&dropout_results!$K$2:$K$300&dropout_results!$J$2:$J$300&dropout_results!$I$2:$I$300,dropout_results!$L$2:$L$300,"",0)} | J8: {=_xlfn.XLOOKUP($A8&J$3&$I$2&$A$1,dropout_results!$C$2:$C$300&dropout_results!$K$2:$K$300&dropout_results!$J$2:$J$300&dropout_results!$I$2:$I$300,dropout_results!$L$2:$L$300,"",0)}
A9: prop_asian | B9: Proportion Asian | C9: {=_xlfn.XLOOKUP($A9&C$3&$C$2&$A$1,dropout_results!$C$2:$C$300&dropout_results!$K$2:$K$300&dropout_results!$J$2:$J$300&dropout_results!$I$2:$I$300,dropout_results!$L$2:$L$300,"",0)} -> 2.00[1.24,2.75] | D9: {=_xlfn.XLOOKUP($A9&D$3&$C$2&$A$1,dropout_results!$C$2:$C$300&dropout_results!$K$2:$K$300&dropout_results!$J$2:$J$300&dropout_results!$I$2:$I$300,dropout_results!$L$2:$L$300,"",0)} -> 1.98[1.23,2.73] | F9: {=_xlfn.XLOOKUP($A9&F$3&$F$2&$A$1,dropout_results!$C$2:$C$300&dropout_results!$K$2:$K$300&dropout_results!$J$2:$J$300&dropout_results!$I$2:$I$300,dropout_results!$L$2:$L$300,"",0)} -> 3.57[2.91,4.23] | G9: {=_xlfn.XLOOKUP($A9&G$3&$F$2&$A$1,dropout_results!$C$2:$C$300&dropout_results!$K$2:$K$300&dropout_results!$J$2:$J$300&dropout_results!$I$2:$I$300,dropout_results!$L$2:$L$300,"",0)} -> 3.56[2.90,4.22] | I9: {=_xlfn.XLOOKUP($A9&I$3&$I$2&$A$1,dropout_results!$C$2:$C$300&dropout_results!$K$2:$K$300&dropout_results!$J$2:$J$300&dropout_results!$I$2:$I$300,dropout_results!$L$2:$L$300,"",0)} -> 2.06[1.42,2.70] | J9: {=_xlfn.XLOOKUP($A9&J$3&$I$2&$A$1,dropout_results!$C$2:$C$300&dropout_results!$K$2:$K$300&dropout_results!$J$2:$J$300&dropout_results!$I$2:$I$300,dropout_results!$L$2:$L$300,"",0)} -> 2.46[1.86,3.06]
A10: prop_black_afr_car | B10: Proportion Black / African / Caribbean | C10: {=_xlfn.XLOOKUP($A10&C$3&$C$2&$A$1,dropout_results!$C$2:$C$300&dropout_results!$K$2:$K$300&dropout_results!$J$2:$J$300&dropout_results!$I$2:$I$300,dropout_results!$L$2:$L$300,"",0)} -> -0.61[-2.66,1.44] | D10: {=_xlfn.XLOOKUP($A10&D$3&$C$2&$A$1,dropout_results!$C$2:$C$300&dropout_results!$K$2:$K$300&dropout_results!$J$2:$J$300&dropout_results!$I$2:$I$300,dropout_results!$L$2:$L$300,"",0)} -> -0.42[-2.48,1.65] | F10: {=_xlfn.XLOOKUP($A10&F$3&$F$2&$A$1,dropout_results!$C$2:$C$300&dropout_results!$K$2:$K$300&dropout_results!$J$2:$J$300&dropout_results!$I$2:$I$300,dropout_results!$L$2:$L$300,"",0)} -> 2.39[0.82,3.97] | G10: {=_xlfn.XLOOKUP($A10&G$3&$F$2&$A$1,dropout_results!$C$2:$C$300&dropout_results!$K$2:$K$300&dropout_results!$J$2:$J$300&dropout_results!$I$2:$I$300,dropout_results!$L$2:$L$300,"",0)} -> 2.38[0.79,3.97] | I10: {=_xlfn.XLOOKUP($A10&I$3&$I$2&$A$1,dropout_results!$C$2:$C$300&dropout_results!$K$2:$K$300&dropout_results!$J$2:$J$300&dropout_results!$I$2:$I$300,dropout_results!$L$2:$L$300,"",0)} -> 0.16[-1.25,1.56] | J10: {=_xlfn.XLOOKUP($A10&J$3&$I$2&$A$1,dropout_results!$C$2:$C$300&dropout_results!$K$2:$K$300&dropout_results!$J$2:$J$300&dropout_results!$I$2:$I$300,dropout_results!$L$2:$L$300,"",0)} -> 0.64[-0.85,2.12]
A11: prop_other | B11: Proportion Other Ethnicity | C11: {=_xlfn.XLOOKUP($A11&C$3&$C$2&$A$1,dropout_results!$C$2:$C$300&dropout_results!$K$2:$K$300&dropout_results!$J$2:$J$300&dropout_results!$I$2:$I$300,dropout_results!$L$2:$L$300,"",0)} -> 1.41[-2.50,5.32] | D11: {=_xlfn.XLOOKUP($A11&D$3&$C$2&$A$1,dropout_results!$C$2:$C$300&dropout_results!$K$2:$K$300&dropout_results!$J$2:$J$300&dropout_results!$I$2:$I$300,dropout_results!$L$2:$L$300,"",0)} -> 1.22[-2.72,5.16] | F11: {=_xlfn.XLOOKUP($A11&F$3&$F$2&$A$1,dropout_results!$C$2:$C$300&dropout_results!$K$2:$K$300&dropout_results!$J$2:$J$300&dropout_results!$I$2:$I$300,dropout_results!$L$2:$L$300,"",0)} | G11: {=_xlfn.XLOOKUP($A11&G$3&$F$2&$A$1,dropout_results!$C$2:$C$300&dropout_results!$K$2:$K$300&dropout_results!$J$2:$J$300&dropout_results!$I$2:$I$300,dropout_results!$L$2:$L$300,"",0)} | I11: {=_xlfn.XLOOKUP($A11&I$3&$I$2&$A$1,dropout_results!$C$2:$C$300&dropout_results!$K$2:$K$300&dropout_results!$J$2:$J$300&dropout_results!$I$2:$I$300,dropout_results!$L$2:$L$300,"",0)} | J11: {=_xlfn.XLOOKUP($A11&J$3&$I$2&$A$1,dropout_results!$C$2:$C$300&dropout_results!$K$2:$K$300&dropout_results!$J$2:$J$300&dropout_results!$I$2:$I$300,dropout_results!$L$2:$L$300,"",0)}
A12: IMD_Average_score | B12: IMD Average Score | C12: {=_xlfn.XLOOKUP($A12&C$3&$C$2&$A$1,dropout_results!$C$2:$C$300&dropout_results!$K$2:$K$300&dropout_results!$J$2:$J$300&dropout_results!$I$2:$I$300,dropout_results!$L$2:$L$300,"",0)} -> 0.02[-0.02,0.06] | D12: {=_xlfn.XLOOKUP($A12&D$3&$C$2&$A$1,dropout_results!$C$2:$C$300&dropout_results!$K$2:$K$300&dropout_results!$J$2:$J$300&dropout_results!$I$2:$I$300,dropout_results!$L$2:$L$300,"",0)} -> 0.02[-0.02,0.06] | F12: {=_xlfn.XLOOKUP($A12&F$3&$F$2&$A$1,dropout_results!$C$2:$C$300&dropout_results!$K$2:$K$300&dropout_results!$J$2:$J$300&dropout_results!$I$2:$I$300,dropout_results!$L$2:$L$300,"",0)} -> 0.07[0.04,0.09] | G12: {=_xlfn.XLOOKUP($A12&G$3&$F$2&$A$1,dropout_results!$C$2:$C$300&dropout_results!$K$2:$K$300&dropout_results!$J$2:$J$300&dropout_results!$I$2:$I$300,dropout_results!$L$2:$L$300,"",0)} -> 0.07[0.04,0.09] | I12: {=_xlfn.XLOOKUP($A12&I$3&$I$2&$A$1,dropout_results!$C$2:$C$300&dropout_results!$K$2:$K$300&dropout_results!$J$2:$J$300&dropout_results!$I$2:$I$300,dropout_results!$L$2:$L$300,"",0)} | J12: {=_xlfn.XLOOKUP($A12&J$3&$I$2&$A$1,dropout_results!$C$2:$C$300&dropout_results!$K$2:$K$300&dropout_results!$J$2:$J$300&dropout_results!$I$2:$I$300,dropout_results!$L$2:$L$300,"",0)}
A13: prop_o65 | B13: Proportion Over 65 | C13: {=_xlfn.XLOOKUP($A13&C$3&$C$2&$A$1,dropout_results!$C$2:$C$300&dropout_results!$K$2:$K$300&dropout_results!$J$2:$J$300&dropout_results!$I$2:$I$300,dropout_results!$L$2:$L$300,"",0)} -> -3.79[-7.72,0.14] | D13: {=_xlfn.XLOOKUP($A13&D$3&$C$2&$A$1,dropout_results!$C$2:$C$300&dropout_results!$K$2:$K$300&dropout_results!$J$2:$J$300&dropout_results!$I$2:$I$300,dropout_results!$L$2:$L$300,"",0)} -> -4.32[-8.34,-0.30] | F13: {=_xlfn.XLOOKUP($A13&F$3&$F$2&$A$1,dropout_results!$C$2:$C$300&dropout_results!$K$2:$K$300&dropout_results!$J$2:$J$300&dropout_results!$I$2:$I$300,dropout_results!$L$2:$L$300,"",0)} -> 8.00[4.49,11.50] | G13: {=_xlfn.XLOOKUP($A13&G$3&$F$2&$A$1,dropout_results!$C$2:$C$300&dropout_results!$K$2:$K$300&dropout_results!$J$2:$J$300&dropout_results!$I$2:$I$300,dropout_results!$L$2:$L$300,"",0)} -> 8.00[4.47,11.52] | I13: {=_xlfn.XLOOKUP($A13&I$3&$I$2&$A$1,dropout_results!$C$2:$C$300&dropout_results!$K$2:$K$300&dropout_results!$J$2:$J$300&dropout_results!$I$2:$I$300,dropout_results!$L$2:$L$300,"",0)} -> 1.65[-2.61,5.90] | J13: {=_xlfn.XLOOKUP($A13&J$3&$I$2&$A$1,dropout_results!$C$2:$C$300&dropout_results!$K$2:$K$300&dropout_results!$J$2:$J$300&dropout_results!$I$2:$I$300,dropout_results!$L$2:$L$300,"",0)} -> -0.22[-4.48,4.04]
A14: prop_u25 | B14: Proportion Under 25 | C14: {=_xlfn.XLOOKUP($A14&C$3&$C$2&$A$1,dropout_results!$C$2:$C$300&dropout_results!$K$2:$K$300&dropout_results!$J$2:$J$300&dropout_results!$I$2:$I$300,dropout_results!$L$2:$L$300,"",0)} -> 8.56[4.86,12.26] | D14: {=_xlfn.XLOOKUP($A14&D$3&$C$2&$A$1,dropout_results!$C$2:$C$300&dropout_results!$K$2:$K$300&dropout_results!$J$2:$J$300&dropout_results!$I$2:$I$300,dropout_results!$L$2:$L$300,"",0)} -> 8.01[4.14,11.87] | F14: {=_xlfn.XLOOKUP($A14&F$3&$F$2&$A$1,dropout_results!$C$2:$C$300&dropout_results!$K$2:$K$300&dropout_results!$J$2:$J$300&dropout_results!$I$2:$I$300,dropout_results!$L$2:$L$300,"",0)} | G14: {=_xlfn.XLOOKUP($A14&G$3&$F$2&$A$1,dropout_results!$C$2:$C$300&dropout_results!$K$2:$K$300&dropout_results!$J$2:$J$300&dropout_results!$I$2:$I$300,dropout_results!$L$2:$L$300,"",0)} | I14: {=_xlfn.XLOOKUP($A14&I$3&$I$2&$A$1,dropout_results!$C$2:$C$300&dropout_results!$K$2:$K$300&dropout_results!$J$2:$J$300&dropout_results!$I$2:$I$300,dropout_results!$L$2:$L$300,"",0)} -> 6.76[2.43,11.08] | J14: {=_xlfn.XLOOKUP($A14&J$3&$I$2&$A$1,dropout_results!$C$2:$C$300&dropout_results!$K$2:$K$300&dropout_results!$J$2:$J$300&dropout_results!$I$2:$I$300,dropout_results!$L$2:$L$300,"",0)}
A15: Median_annual_income | B15: Median Annual Income | C15: {=_xlfn.XLOOKUP($A15&C$3&$C$2&$A$1,dropout_results!$C$2:$C$300&dropout_results!$K$2:$K$300&dropout_results!$J$2:$J$300&dropout_results!$I$2:$I$300,dropout_results!$L$2:$L$300,"",0)} -> 0.00[0.00,0.00] | D15: {=_xlfn.XLOOKUP($A15&D$3&$C$2&$A$1,dropout_results!$C$2:$C$300&dropout_results!$K$2:$K$300&dropout_results!$J$2:$J$300&dropout_results!$I$2:$I$300,dropout_results!$L$2:$L$300,"",0)} -> 0.00[0.00,0.00] | F15: {=_xlfn.XLOOKUP($A15&F$3&$F$2&$A$1,dropout_results!$C$2:$C$300&dropout_results!$K$2:$K$300&dropout_results!$J$2:$J$300&dropout_results!$I$2:$I$300,dropout_results!$L$2:$L$300,"",0)} | G15: {=_xlfn.XLOOKUP($A15&G$3&$F$2&$A$1,dropout_results!$C$2:$C$300&dropout_results!$K$2:$K$300&dropout_results!$J$2:$J$300&dropout_results!$I$2:$I$300,dropout_results!$L$2:$L$300,"",0)} | I15: {=_xlfn.XLOOKUP($A15&I$3&$I$2&$A$1,dropout_results!$C$2:$C$300&dropout_results!$K$2:$K$300&dropout_results!$J$2:$J$300&dropout_results!$I$2:$I$300,dropout_results!$L$2:$L$300,"",0)} | J15: {=_xlfn.XLOOKUP($A15&J$3&$I$2&$A$1,dropout_results!$C$2:$C$300&dropout_results!$K$2:$K$300&dropout_results!$J$2:$J$300&dropout_results!$I$2:$I$300,dropout_results!$L$2:$L$300,"",0)}
... A40: omicron_support_fund_percapita | B40: Omicron Support Fund Per Capita | C40: {=_xlfn.XLOOKUP($A40&C$3&$C$2&$A$1,dropout_results!$C$2:$C$300&dropout_results!$K$2:$K$300&dropout_results!$J$2:$J$300&dropout_results!$I$2:$I$300,dropout_results!$L$2:$L$300,"",0)} | D40: {=_xlfn.XLOOKUP($A40&D$3&$C$2&$A$1,dropout_results!$C$2:$C$300&dropout_results!$K$2:$K$300&dropout_results!$J$2:$J$300&dropout_results!$I$2:$I$300,dropout_results!$L$2:$L$300,"",0)} | F40: {=_xlfn.XLOOKUP($A40&F$3&$F$2&$A$1,dropout_results!$C$2:$C$300&dropout_results!$K$2:$K$300&dropout_results!$J$2:$J$300&dropout_results!$I$2:$I$300,dropout_results!$L$2:$L$300,"",0)} | G40: {=_xlfn.XLOOKUP($A40&G$3&$F$2&$A$1,dropout_results!$C$2:$C$300&dropout_results!$K$2:$K$300&dropout_results!$J$2:$J$300&dropout_results!$I$2:$I$300,dropout_results!$L$2:$L$300,"",0)} | I40: {=_xlfn.XLOOKUP($A40&I$3&$I$2&$A$1,dropout_results!$C$2:$C$300&dropout_results!$K$2:$K$300&dropout_results!$J$2:$J$300&dropout_results!$I$2:$I$300,dropout_results!$L$2:$L$300,"",0)} | J40: {=_xlfn.XLOOKUP($A40&J$3&$I$2&$A$1,dropout_results!$C$2:$C$300&dropout_results!$K$2:$K$300&dropout_results!$J$2:$J$300&dropout_results!$I$2:$I$300,dropout_results!$L$2:$L$300,"",0)}

Sheet 2v3_dropout_table
A1: Second vs Third
C2: Simple | F2: Stability Lasso | I2: Stepwise
A3: Variable | C3: Fixed | D3: Random | F3: Fixed | G3: Random | I3: Fixed | J3: Random
A4: Pop_per_km2 | B4: Population per km2 | C4: {=_xlfn.XLOOKUP($A4&C$3&$C$2&$A$1,dropout_results!$C$2:$C$300&dropout_results!$K$2:$K$300&dropout_results!$J$2:$J$300&dropout_results!$I$2:$I$300,dropout_results!$L$2:$L$300,"",0)} -> 0.00[0.00,0.00] | D4: {=_xlfn.XLOOKUP($A4&D$3&$C$2&$A$1,dropout_results!$C$2:$C$300&dropout_results!$K$2:$K$300&dropout_results!$J$2:$J$300&dropout_results!$I$2:$I$300,dropout_results!$L$2:$L$300,"",0)} -> 0.00[0.00,0.00] | F4: {=_xlfn.XLOOKUP($A4&F$3&$F$2&$A$1,dropout_results!$C$2:$C$300&dropout_results!$K$2:$K$300&dropout_results!$J$2:$J$300&dropout_results!$I$2:$I$300,dropout_results!$L$2:$L$300,"",0)} -> 0.00[0.00,0.00] | G4: {=_xlfn.XLOOKUP($A4&G$3&$F$2&$A$1,dropout_results!$C$2:$C$300&dropout_results!$K$2:$K$300&dropout_results!$J$2:$J$300&dropout_results!$I$2:$I$300,dropout_results!$L$2:$L$300,"",0)} -> 0.00[0.00,0.00] | I4: {=_xlfn.XLOOKUP($A4&I$3&$I$2&$A$1,dropout_results!$C$2:$C$300&dropout_results!$K$2:$K$300&dropout_results!$J$2:$J$300&dropout_results!$I$2:$I$300,dropout_results!$L$2:$L$300,"",0)} -> 0.00[0.00,0.00] | J4: {=_xlfn.XLOOKUP($A4&J$3&$I$2&$A$1,dropout_results!$C$2:$C$300&dropout_results!$K$2:$K$300&dropout_results!$J$2:$J$300&dropout_results!$I$2:$I$300,dropout_results!$L$2:$L$300,"",0)} -> 0.00[0.00,0.00]
A5: prop_travelling_to_work | B5: Proportion Travelling To Work | C5: {=_xlfn.XLOOKUP($A5&C$3&$C$2&$A$1,dropout_results!$C$2:$C$300&dropout_results!$K$2:$K$300&dropout_results!$J$2:$J$300&dropout_results!$I$2:$I$300,dropout_results!$L$2:$L$300,"",0)} -> 35.97[9.41,62.54] | D5: {=_xlfn.XLOOKUP($A5&D$3&$C$2&$A$1,dropout_results!$C$2:$C$300&dropout_results!$K$2:$K$300&dropout_results!$J$2:$J$300&dropout_results!$I$2:$I$300,dropout_results!$L$2:$L$300,"",0)} -> 32.38[5.96,58.80] | F5: {=_xlfn.XLOOKUP($A5&F$3&$F$2&$A$1,dropout_results!$C$2:$C$300&dropout_results!$K$2:$K$300&dropout_results!$J$2:$J$300&dropout_results!$I$2:$I$300,dropout_results!$L$2:$L$300,"",0)} | G5: {=_xlfn.XLOOKUP($A5&G$3&$F$2&$A$1,dropout_results!$C$2:$C$300&dropout_results!$K$2:$K$300&dropout_results!$J$2:$J$300&dropout_results!$I$2:$I$300,dropout_results!$L$2:$L$300,"",0)} | I5: {=_xlfn.XLOOKUP($A5&I$3&$I$2&$A$1,dropout_results!$C$2:$C$300&dropout_results!$K$2:$K$300&dropout_results!$J$2:$J$300&dropout_results!$I$2:$I$300,dropout_results!$L$2:$L$300,"",0)} -> 10.87[-0.44,22.18] | J5: {=_xlfn.XLOOKUP($A5&J$3&$I$2&$A$1,dropout_results!$C$2:$C$300&dropout_results!$K$2:$K$300&dropout_results!$J$2:$J$300&dropout_results!$I$2:$I$300,dropout_results!$L$2:$L$300,"",0)} -> -9.80[-19.06,-0.54]
A6: prop_not_in_work | B6: Proportion Not In Work | C6: {=_xlfn.XLOOKUP($A6&C$3&$C$2&$A$1,dropout_results!$C$2:$C$300&dropout_results!$K$2:$K$300&dropout_results!$J$2:$J$300&dropout_results!$I$2:$I$300,dropout_results!$L$2:$L$300,"",0)} -> 30.79[3.25,58.33] | D6: {=_xlfn.XLOOKUP($A6&D$3&$C$2&$A$1,dropout_results!$C$2:$C$300&dropout_results!$K$2:$K$300&dropout_results!$J$2:$J$300&dropout_results!$I$2:$I$300,dropout_results!$L$2:$L$300,"",0)} -> 34.03[6.13,61.93] | F6: {=_xlfn.XLOOKUP($A6&F$3&$F$2&$A$1,dropout_results!$C$2:$C$300&dropout_results!$K$2:$K$300&dropout_results!$J$2:$J$300&dropout_results!$I$2:$I$300,dropout_results!$L$2:$L$300,"",0)} | G6: {=_xlfn.XLOOKUP($A6&G$3&$F$2&$A$1,dropout_results!$C$2:$C$300&dropout_results!$K$2:$K$300&dropout_results!$J$2:$J$300&dropout_results!$I$2:$I$300,dropout_results!$L$2:$L$300,"",0)} | I6: {=_xlfn.XLOOKUP($A6&I$3&$I$2&$A$1,dropout_results!$C$2:$C$300&dropout_results!$K$2:$K$300&dropout_results!$J$2:$J$300&dropout_results!$I$2:$I$300,dropout_results!$L$2:$L$300,"",0)} | J6: {=_xlfn.XLOOKUP($A6&J$3&$I$2&$A$1,dropout_results!$C$2:$C$300&dropout_results!$K$2:$K$300&dropout_results!$J$2:$J$300&dropout_results!$I$2:$I$300,dropout_results!$L$2:$L$300,"",0)}
A7: prop_all_other_white | B7: Proportion All Other White | C7: {=_xlfn.XLOOKUP($A7&C$3&$C$2&$A$1,dropout_results!$C$2:$C$300&dropout_results!$K$2:$K$300&dropout_results!$J$2:$J$300&dropout_results!$I$2:$I$300,dropout_results!$L$2:$L$300,"",0)} -> 6.69[0.05,13.34] | D7: {=_xlfn.XLOOKUP($A7&D$3&$C$2&$A$1,dropout_results!$C$2:$C$300&dropout_results!$K$2:$K$300&dropout_results!$J$2:$J$300&dropout_results!$I$2:$I$300,dropout_results!$L$2:$L$300,"",0)} -> 7.06[0.45,13.68] | F7: {=_xlfn.XLOOKUP($A7&F$3&$F$2&$A$1,dropout_results!$C$2:$C$300&dropout_results!$K$2:$K$300&dropout_results!$J$2:$J$300&dropout_results!$I$2:$I$300,dropout_results!$L$2:$L$300,"",0)} | G7: {=_xlfn.XLOOKUP($A7&G$3&$F$2&$A$1,dropout_results!$C$2:$C$300&dropout_results!$K$2:$K$300&dropout_results!$J$2:$J$300&dropout_results!$I$2:$I$300,dropout_results!$L$2:$L$300,"",0)} | I7: {=_xlfn.XLOOKUP($A7&I$3&$I$2&$A$1,dropout_results!$C$2:$C$300&dropout_results!$K$2:$K$300&dropout_results!$J$2:$J$300&dropout_results!$I$2:$I$300,dropout_results!$L$2:$L$300,"",0)} -> 5.42[-0.46,11.31] | J7: {=_xlfn.XLOOKUP($A7&J$3&$I$2&$A$1,dropout_results!$C$2:$C$300&dropout_results!$K$2:$K$300&dropout_results!$J$2:$J$300&dropout_results!$I$2:$I$300,dropout_results!$L$2:$L$300,"",0)} -> 4.42[-1.59,10.44]
A8: prop_mixed_multiple | B8: Proportion Mixed | C8: {=_xlfn.XLOOKUP($A8&C$3&$C$2&$A$1,dropout_results!$C$2:$C$300&dropout_results!$K$2:$K$300&dropout_results!$J$2:$J$300&dropout_results!$I$2:$I$300,dropout_results!$L$2:$L$300,"",0)} -> -4.77[-26.83,17.29] | D8: {=_xlfn.XLOOKUP($A8&D$3&$C$2&$A$1,dropout_results!$C$2:$C$300&dropout_results!$K$2:$K$300&dropout_results!$J$2:$J$300&dropout_results!$I$2:$I$300,dropout_results!$L$2:$L$300,"",0)} -> -3.74[-25.29,17.80] | F8: {=_xlfn.XLOOKUP($A8&F$3&$F$2&$A$1,dropout_results!$C$2:$C$300&dropout_results!$K$2:$K$300&dropout_results!$J$2:$J$300&dropout_results!$I$2:$I$300,dropout_results!$L$2:$L$300,"",0)} | G8: {=_xlfn.XLOOKUP($A8&G$3&$F$2&$A$1,dropout_results!$C$2:$C$300&dropout_results!$K$2:$K$300&dropout_results!$J$2:$J$300&dropout_results!$I$2:$I$300,dropout_results!$L$2:$L$300,"",0)} | I8: {=_xlfn.XLOOKUP($A8&I$3&$I$2&$A$1,dropout_results!$C$2:$C$300&dropout_results!$K$2:$K$300&dropout_results!$J$2:$J$300&dropout_results!$I$2:$I$300,dropout_results!$L$2:$L$300,"",0)} | J8: {=_xlfn.XLOOKUP($A8&J$3&$I$2&$A$1,dropout_results!$C$2:$C$300&dropout_results!$K$2:$K$300&dropout_results!$J$2:$J$300&dropout_results!$I$2:$I$300,dropout_results!$L$2:$L$300,"",0)}
A9: prop_asian | B9: Proportion Asian | C9: {=_xlfn.XLOOKUP($A9&C$3&$C$2&$A$1,dropout_results!$C$2:$C$300&dropout_results!$K$2:$K$300&dropout_results!$J$2:$J$300&dropout_results!$I$2:$I$300,dropout_results!$L$2:$L$300,"",0)} -> 23.02[19.69,26.36] | D9: {=_xlfn.XLOOKUP($A9&D$3&$C$2&$A$1,dropout_results!$C$2:$C$300&dropout_results!$K$2:$K$300&dropout_results!$J$2:$J$300&dropout_results!$I$2:$I$300,dropout_results!$L$2:$L$300,"",0)} -> 22.29[19.01,25.56] | F9: {=_xlfn.XLOOKUP($A9&F$3&$F$2&$A$1,dropout_results!$C$2:$C$300&dropout_results!$K$2:$K$300&dropout_results!$J$2:$J$300&dropout_results!$I$2:$I$300,dropout_results!$L$2:$L$300,"",0)} -> 25.42[22.58,28.26] | G9: {=_xlfn.XLOOKUP($A9&G$3&$F$2&$A$1,dropout_results!$C$2:$C$300&dropout_results!$K$2:$K$300&dropout_results!$J$2:$J$300&dropout_results!$I$2:$I$300,dropout_results!$L$2:$L$300,"",0)} -> 25.11[22.29,27.92] | I9: {=_xlfn.XLOOKUP($A9&I$3&$I$2&$A$1,dropout_results!$C$2:$C$300&dropout_results!$K$2:$K$300&dropout_results!$J$2:$J$300&dropout_results!$I$2:$I$300,dropout_results!$L$2:$L$300,"",0)} -> 20.34[17.21,23.47] | J9: {=_xlfn.XLOOKUP($A9&J$3&$I$2&$A$1,dropout_results!$C$2:$C$300&dropout_results!$K$2:$K$300&dropout_results!$J$2:$J$300&dropout_results!$I$2:$I$300,dropout_results!$L$2:$L$300,"",0)} -> 23.42[20.57,26.26]
A10: prop_black_afr_car | B10: Proportion Black / African / Caribbean | C10: {=_xlfn.XLOOKUP($A10&C$3&$C$2&$A$1,dropout_results!$C$2:$C$300&dropout_results!$K$2:$K$300&dropout_results!$J$2:$J$300&dropout_results!$I$2:$I$300,dropout_results!$L$2:$L$300,"",0)} -> 23.91[14.85,32.97] | D10: {=_xlfn.XLOOKUP($A10&D$3&$C$2&$A$1,dropout_results!$C$2:$C$300&dropout_results!$K$2:$K$300&dropout_results!$J$2:$J$300&dropout_results!$I$2:$I$300,dropout_results!$L$2:$L$300,"",0)} -> 23.40[14.40,32.41] | F10: {=_xlfn.XLOOKUP($A10&F$3&$F$2&$A$1,dropout_results!$C$2:$C$300&dropout_results!$K$2:$K$300&dropout_results!$J$2:$J$300&dropout_results!$I$2:$I$300,dropout_results!$L$2:$L$300,"",0)} -> 26.12[19.36,32.88] | G10: {=_xlfn.XLOOKUP($A10&G$3&$F$2&$A$1,dropout_results!$C$2:$C$300&dropout_results!$K$2:$K$300&dropout_results!$J$2:$J$300&dropout_results!$I$2:$I$300,dropout_results!$L$2:$L$300,"",0)} -> 25.64[18.59,32.68] | I10: {=_xlfn.XLOOKUP($A10&I$3&$I$2&$A$1,dropout_results!$C$2:$C$300&dropout_results!$K$2:$K$300&dropout_results!$J$2:$J$300&dropout_results!$I$2:$I$300,dropout_results!$L$2:$L$300,"",0)} -> 24.24[17.36,31.12] | J10: {=_xlfn.XLOOKUP($A10&J$3&$I$2&$A$1,dropout_results!$C$2:$C$300&dropout_results!$K$2:$K$300&dropout_results!$J$2:$J$300&dropout_results!$I$2:$I$300,dropout_results!$L$2:$L$300,"",0)} -> 26.67[19.53,33.81]
A11: prop_other | B11: Proportion Other Ethnicity | C11: {=_xlfn.XLOOKUP($A11&C$3&$C$2&$A$1,dropout_results!$C$2:$C$300&dropout_results!$K$2:$K$300&dropout_results!$J$2:$J$300&dropout_results!$I$2:$I$300,dropout_results!$L$2:$L$300,"",0)} -> 8.18[-9.09,25.44] | D11: {=_xlfn.XLOOKUP($A11&D$3&$C$2&$A$1,dropout_results!$C$2:$C$300&dropout_results!$K$2:$K$300&dropout_results!$J$2:$J$300&dropout_results!$I$2:$I$300,dropout_results!$L$2:$L$300,"",0)} -> 7.54[-9.65,24.73] | F11: {=_xlfn.XLOOKUP($A11&F$3&$F$2&$A$1,dropout_results!$C$2:$C$300&dropout_results!$K$2:$K$300&dropout_results!$J$2:$J$300&dropout_results!$I$2:$I$300,dropout_results!$L$2:$L$300,"",0)} | G11: {=_xlfn.XLOOKUP($A11&G$3&$F$2&$A$1,dropout_results!$C$2:$C$300&dropout_results!$K$2:$K$300&dropout_results!$J$2:$J$300&dropout_results!$I$2:$I$300,dropout_results!$L$2:$L$300,"",0)} | I11: {=_xlfn.XLOOKUP($A11&I$3&$I$2&$A$1,dropout_results!$C$2:$C$300&dropout_results!$K$2:$K$300&dropout_results!$J$2:$J$300&dropout_results!$I$2:$I$300,dropout_results!$L$2:$L$300,"",0)} | J11: {=_xlfn.XLOOKUP($A11&J$3&$I$2&$A$1,dropout_results!$C$2:$C$300&dropout_results!$K$2:$K$300&dropout_results!$J$2:$J$300&dropout_results!$I$2:$I$300,dropout_results!$L$2:$L$300,"",0)}
A12: IMD_Average_score | B12: IMD Average Score | C12: {=_xlfn.XLOOKUP($A12&C$3&$C$2&$A$1,dropout_results!$C$2:$C$300&dropout_results!$K$2:$K$300&dropout_results!$J$2:$J$300&dropout_results!$I$2:$I$300,dropout_results!$L$2:$L$300,"",0)} -> 0.00[-0.17,0.16] | D12: {=_xlfn.XLOOKUP($A12&D$3&$C$2&$A$1,dropout_results!$C$2:$C$300&dropout_results!$K$2:$K$300&dropout_results!$J$2:$J$300&dropout_results!$I$2:$I$300,dropout_results!$L$2:$L$300,"",0)} -> -0.02[-0.18,0.15] | F12: {=_xlfn.XLOOKUP($A12&F$3&$F$2&$A$1,dropout_results!$C$2:$C$300&dropout_results!$K$2:$K$300&dropout_results!$J$2:$J$300&dropout_results!$I$2:$I$300,dropout_results!$L$2:$L$300,"",0)} -> 0.16[0.06,0.27] | G12: {=_xlfn.XLOOKUP($A12&G$3&$F$2&$A$1,dropout_results!$C$2:$C$300&dropout_results!$K$2:$K$300&dropout_results!$J$2:$J$300&dropout_results!$I$2:$I$300,dropout_results!$L$2:$L$300,"",0)} -> 0.14[0.03,0.25] | I12: {=_xlfn.XLOOKUP($A12&I$3&$I$2&$A$1,dropout_results!$C$2:$C$300&dropout_results!$K$2:$K$300&dropout_results!$J$2:$J$300&dropout_results!$I$2:$I$300,dropout_results!$L$2:$L$300,"",0)} | J12: {=_xlfn.XLOOKUP($A12&J$3&$I$2&$A$1,dropout_results!$C$2:$C$300&dropout_results!$K$2:$K$300&dropout_results!$J$2:$J$300&dropout_results!$I$2:$I$300,dropout_results!$L$2:$L$300,"",0)}
A13: prop_o65 | B13: Proportion Over 65 | C13: {=_xlfn.XLOOKUP($A13&C$3&$C$2&$A$1,dropout_results!$C$2:$C$300&dropout_results!$K$2:$K$300&dropout_results!$J$2:$J$300&dropout_results!$I$2:$I$300,dropout_results!$L$2:$L$300,"",0)} -> -32.15[-49.49,-14.82] | D13: {=_xlfn.XLOOKUP($A13&D$3&$C$2&$A$1,dropout_results!$C$2:$C$300&dropout_results!$K$2:$K$300&dropout_results!$J$2:$J$300&dropout_results!$I$2:$I$300,dropout_results!$L$2:$L$300,"",0)} -> -38.58[-56.21,-20.96] | F13: {=_xlfn.XLOOKUP($A13&F$3&$F$2&$A$1,dropout_results!$C$2:$C$300&dropout_results!$K$2:$K$300&dropout_results!$J$2:$J$300&dropout_results!$I$2:$I$300,dropout_results!$L$2:$L$300,"",0)} -> -42.05[-57.11,-27.00] | G13: {=_xlfn.XLOOKUP($A13&G$3&$F$2&$A$1,dropout_results!$C$2:$C$300&dropout_results!$K$2:$K$300&dropout_results!$J$2:$J$300&dropout_results!$I$2:$I$300,dropout_results!$L$2:$L$300,"",0)} -> -40.41[-55.54,-25.29] | I13: {=_xlfn.XLOOKUP($A13&I$3&$I$2&$A$1,dropout_results!$C$2:$C$300&dropout_results!$K$2:$K$300&dropout_results!$J$2:$J$300&dropout_results!$I$2:$I$300,dropout_results!$L$2:$L$300,"",0)} -> -42.10[-62.91,-21.28] | J13: {=_xlfn.XLOOKUP($A13&J$3&$I$2&$A$1,dropout_results!$C$2:$C$300&dropout_results!$K$2:$K$300&dropout_results!$J$2:$J$300&dropout_results!$I$2:$I$300,dropout_results!$L$2:$L$300,"",0)} -> -58.04[-78.43,-37.66]
A14: prop_u25 | B14: Proportion Under 25 | C14: {=_xlfn.XLOOKUP($A14&C$3&$C$2&$A$1,dropout_results!$C$2:$C$300&dropout_results!$K$2:$K$300&dropout_results!$J$2:$J$300&dropout_results!$I$2:$I$300,dropout_results!$L$2:$L$300,"",0)} -> 5.50[-10.84,21.84] | D14: {=_xlfn.XLOOKUP($A14&D$3&$C$2&$A$1,dropout_results!$C$2:$C$300&dropout_results!$K$2:$K$300&dropout_results!$J$2:$J$300&dropout_results!$I$2:$I$300,dropout_results!$L$2:$L$300,"",0)} -> -1.50[-18.53,15.54] | F14: {=_xlfn.XLOOKUP($A14&F$3&$F$2&$A$1,dropout_results!$C$2:$C$300&dropout_results!$K$2:$K$300&dropout_results!$J$2:$J$300&dropout_results!$I$2:$I$300,dropout_results!$L$2:$L$300,"",0)} | G14: {=_xlfn.XLOOKUP($A14&G$3&$F$2&$A$1,dropout_results!$C$2:$C$300&dropout_results!$K$2:$K$300&dropout_results!$J$2:$J$300&dropout_results!$I$2:$I$300,dropout_results!$L$2:$L$300,"",0)} | I14: {=_xlfn.XLOOKUP($A14&I$3&$I$2&$A$1,dropout_results!$C$2:$C$300&dropout_results!$K$2:$K$300&dropout_results!$J$2:$J$300&dropout_results!$I$2:$I$300,dropout_results!$L$2:$L$300,"",0)} -> 29.58[8.42,50.75] | J14: {=_xlfn.XLOOKUP($A14&J$3&$I$2&$A$1,dropout_results!$C$2:$C$300&dropout_results!$K$2:$K$300&dropout_results!$J$2:$J$300&dropout_results!$I$2:$I$300,dropout_results!$L$2:$L$300,"",0)}
A15: Median_annual_income | B15: Median Annual Income | C15: {=_xlfn.XLOOKUP($A15&C$3&$C$2&$A$1,dropout_results!$C$2:$C$300&dropout_results!$K$2:$K$300&dropout_results!$J$2:$J$300&dropout_results!$I$2:$I$300,dropout_results!$L$2:$L$300,"",0)} -> 0.00[0.00,0.00] | D15: {=_xlfn.XLOOKUP($A15&D$3&$C$2&$A$1,dropout_results!$C$2:$C$300&dropout_results!$K$2:$K$300&dropout_results!$J$2:$J$300&dropout_results!$I$2:$I$300,dropout_results!$L$2:$L$300,"",0)} -> 0.00[0.00,0.00] | F15: {=_xlfn.XLOOKUP($A15&F$3&$F$2&$A$1,dropout_results!$C$2:$C$300&dropout_results!$K$2:$K$300&dropout_results!$J$2:$J$300&dropout_results!$I$2:$I$300,dropout_results!$L$2:$L$300,"",0)} | G15: {=_xlfn.XLOOKUP($A15&G$3&$F$2&$A$1,dropout_results!$C$2:$C$300&dropout_results!$K$2:$K$300&dropout_results!$J$2:$J$300&dropout_results!$I$2:$I$300,dropout_results!$L$2:$L$300,"",0)} | I15: {=_xlfn.XLOOKUP($A15&I$3&$I$2&$A$1,dropout_results!$C$2:$C$300&dropout_results!$K$2:$K$300&dropout_results!$J$2:$J$300&dropout_results!$I$2:$I$300,dropout_results!$L$2:$L$300,"",0)} | J15: {=_xlfn.XLOOKUP($A15&J$3&$I$2&$A$1,dropout_results!$C$2:$C$300&dropout_results!$K$2:$K$300&dropout_results!$J$2:$J$300&dropout_results!$I$2:$I$300,dropout_results!$L$2:$L$300,"",0)}
... A40: omicron_support_fund_percapita | B40: Omicron Support Fund Per Capita | C40: {=_xlfn.XLOOKUP($A40&C$3&$C$2&$A$1,dropout_results!$C$2:$C$300&dropout_results!$K$2:$K$300&dropout_results!$J$2:$J$300&dropout_results!$I$2:$I$300,dropout_results!$L$2:$L$300,"",0)} | D40: {=_xlfn.XLOOKUP($A40&D$3&$C$2&$A$1,dropout_results!$C$2:$C$300&dropout_results!$K$2:$K$300&dropout_results!$J$2:$J$300&dropout_results!$I$2:$I$300,dropout_results!$L$2:$L$300,"",0)} | F40: {=_xlfn.XLOOKUP($A40&F$3&$F$2&$A$1,dropout_results!$C$2:$C$300&dropout_results!$K$2:$K$300&dropout_results!$J$2:$J$300&dropout_results!$I$2:$I$300,dropout_results!$L$2:$L$300,"",0)} | G40: {=_xlfn.XLOOKUP($A40&G$3&$F$2&$A$1,dropout_results!$C$2:$C$300&dropout_results!$K$2:$K$300&dropout_results!$J$2:$J$300&dropout_results!$I$2:$I$300,dropout_results!$L$2:$L$300,"",0)} | I40: {=_xlfn.XLOOKUP($A40&I$3&$I$2&$A$1,dropout_results!$C$2:$C$300&dropout_results!$K$2:$K$300&dropout_results!$J$2:$J$300&dropout_results!$I$2:$I$300,dropout_results!$L$2:$L$300,"",0)} | J40: {=_xlfn.XLOOKUP($A40&J$3&$I$2&$A$1,dropout_results!$C$2:$C$300&dropout_results!$K$2:$K$300&dropout_results!$J$2:$J$300&dropout_results!$I$2:$I$300,dropout_results!$L$2:$L$300,"",0)}
